<TICKER>,<NAME>
1.HK,CKH HOLDINGS
10.HK,HANG LUNG GROUP
1000.HK,BEIJING MEDIA
1001.HK,HK SH ALLIANCE
1002.HK,VS INTL
1003.HK,HUANXI MEDIA
1004.HK,C SMARTERENERGY
1005.HK,MATRIX HOLDINGS
1007.HK,LONGHUI INTL
1008.HK,LITU HOLDINGS
1009.HK,INTL ENT
101.HK,HANG LUNG PPT
1010.HK,SKY BLUE 11
1011.HK,NT PHARMA
1013.HK,WAI CHUN GROUP
102.HK,SUMMIT ASCENT
1020.HK,CYBERNAUT INTL
1022.HK,FEIYU
1023.HK,SITOY GROUP
1024.HK,KUAISHOU W
1025.HK,KNT HOLDINGS
1026.HK,UNIVERSAL TECH
1027.HK,CHINA JICHENG
1028.HK,CBANNER
1029.HK,IRC
103.HK,SHOUGANG CENT
1030.HK,SEAZEN
1033.HK,SINOPEC SSC
1034.HK,FULLWEALTH
1036.HK,VANKE OVERSEAS
1037.HK,MAXNERVA TECH
1038.HK,CKI HOLDINGS
1039.HK,CHANGYOU INT GP
104.HK,ASIA COMM HOLD
1044.HK,HENGAN INTL
1045.HK,APT SATELLITE
1046.HK,UNIVERSE ENT
1047.HK,NGAI HING HONG
1049.HK,CELESTIAL ASIA
105.HK,ASSO INT HOTELS
1050.HK,KARRIE INTL
1051.HK,G RESOURCES
1052.HK,YUEXIUTRANSPORT
1053.HK,CHONGQING IRON
1055.HK,CHINA SOUTH AIR
1057.HK,ZHEJIANG SHIBAO
1058.HK,NAMYUE HOLDINGS
1059.HK,KANTONE HOLDING
106.HK,LANDSEA MGMT
1060.HK,ALI PICTURES
1061.HK,ESSEX BIO TECH
1062.HK,CDB INTL INV
1063.HK,SUNCORP TECH
1064.HK,ZHONG HUA INTL
1065.HK,TIANJIN CAPITAL
1066.HK,WEIGAO GROUP
1068.HK,YURUN FOOD
1069.HK,CN HEALTH TECH
107.HK,SICHUAN EXPRESS
1070.HK,TCL ELECTRONICS
1071.HK,HUADIAN POWER
1072.HK,DONGFANG ELEC
1073.HK,DA YU FIN
1075.HK,CAPINFO
1079.HK,PINE TECH
108.HK,GR LIFE STYLE
1080.HK,SHENGLI PIPE
1082.HK,BDV EDU INTL
1083.HK,TG SMART ENERGY
1084.HK,GF HYDROCOLLOID
1085.HK,HXTL
1086.HK,GOODBABY INTL
1087.HK,INVESTECH HLDGS
1088.HK,CHINA SHENHUA
1090.HK,DA MING INTL
1091.HK,SOUTH MANGANESE
1093.HK,CSPC PHARMA
1094.HK,CHERISH SUN
1097.HK,I CABLE COMM
1098.HK,ROAD KING INFRA
1099.HK,SINOPHARM
11.HK,HANG SENG BANK
110.HK,CHINA FORTUNE
1100.HK,MAINLAND HOLD
1101.HK,HUARONG ENERGY
1102.HK,ENVIRO ENERGY
1104.HK,APAC RESOURCES
1105.HK,SING TAO
1107.HK,MODERN LAND
1108.HK,TRIUMPH NEW EN
1109.HK,CHINA RES LAND
111.HK,CINDA INTL HLDG
1110.HK,KINGWORLD
1111.HK,HUASHI GROUP
1112.HK,H H INTL HLDG
1113.HK,CK ASSET
1114.HK,BRILLIANCE CHI
1115.HK,TIBET WATER
1116.HK,MAYER HOLDINGS
1117.HK,CH MODERN D
1118.HK,GOLIK HOLDINGS
1119.HK,IDREAMSKY
1120.HK,ARTS OPTICAL
1121.HK,GOLDENSOLAR
1122.HK,QINGLING MOTORS
1123.HK,CHINA HK PHOTO
1124.HK,COASTAL GL
1125.HK,LAI FUNG HOLD
1126.HK,DREAM INTL
1127.HK,LION ROCK GROUP
1128.HK,WYNN MACAU
1129.HK,WATER INDUSTRY
113.HK,DICKSON CONCEPT
1130.HK,CHINA ENV RES
1132.HK,ORANGE SKY G H
1133.HK,HARBIN ELECTRIC
1134.HK,KELFRED
1137.HK,HK TECH VENTURE
1138.HK,COSCO SHIP ENGY
114.HK,HERALD HOLD
1140.HK,WEALTHINK AI
1141.HK,CMBC CAPITAL
1142.HK,E P GLOBAL
1143.HK,CN ENGY STORAGE
1145.HK,COURAGE INV
1146.HK,HUICHENG INTL H
1147.HK,EDENSOFT
1148.HK,POWER XINCHEN
115.HK,GRAND FIELD GP
1150.HK,MILAN STATION
1152.HK,MOMENTUM FIN
1153.HK,JIAYUAN SER
1156.HK,CHINANEWENERGY
1157.HK,ZOOMLION
1159.HK,SMART DIGI TECH
116.HK,CHOW SANG SANG
1160.HK,GOLDSTONE CAP
1161.HK,WATER OASIS GP
1162.HK,LUMINA GROUP
1163.HK,ADTIGER CORP
1164.HK,CGN MINING
1165.HK,SFCE
1166.HK,SOLARTECH INTL
1167.HK,JACOBIO B
1168.HK,SINOLINK HOLD
117.HK,TIANLI HOLDINGS
1170.HK,KINGMAKER
1171.HK,YANKUANG ENERGY
1172.HK,MAGNUSCONCORDIA
1173.HK,VEEKO INTL
1176.HK,ZHUGUANG HOLD
1177.HK,SINO BIOPHARM
1179.HK,HWORLD S
118.HK,COSMOS MACH
1180.HK,PARADISE ENT
1181.HK,TANG PALACE
1182.HK,SUCCESS DRAGON
1183.HK,MECOM POWER
1184.HK,SAS DRAGON
1185.HK,CHINA ENERGINE
1186.HK,CHINA RAIL CONS
1188.HK,HYBRID KINETIC
1189.HK,GBA DYNAMIC
119.HK,POLY PROPERTY
1193.HK,CHINA RES GAS
1195.HK,KINGWELL GROUP
1196.HK,REALORD GROUP
1198.HK,ROYALE HOME
1199.HK,COSCO SHIP PORT
12.HK,HENDERSON LAND
120.HK,COSMOPOL INTL
1200.HK,MIDLAND HOLDING
1201.HK,TESSON HOLDINGS
1202.HK,SIWI SCI TECH
1203.HK,GUANGNAN HOLD
1204.HK,BOARDWARE INTEL
1205.HK,CITIC RESOURCES
1206.HK,TECHNOVATOR
1208.HK,MMG
1209.HK,CHINA RES MIXC
1211.HK,BYD COMPANY
1213.HK,MOBICON GROUP
1215.HK,KAI YUAN HLDGS
1216.HK,ZYBANK
1217.HK,CH INNOVATION
1218.HK,EASYKNIT INTL
122.HK,CROCODILE
1220.HK,ZHIDAO INTL
1221.HK,SINO HOTELS
1222.HK,WANG ON GROUP
1223.HK,SYMPHONY HOLD
1224.HK,C C LAND
1225.HK,LERADO FIN
1226.HK,CH INV FIN GP
1228.HK,CANBRIDGE B
1229.HK,NAN NAN RES
123.HK,YUEXIU PROPERTY
1231.HK,NEWTON RES
1232.HK,GW TIANDI
1233.HK,TIMES CHINA
1234.HK,CHINA LILANG
1235.HK,TRAVEL EXPERT
1237.HK,CH ENV TECH BIO
1238.HK,POWERLONG
1239.HK,TEAMWAY INTL GP
124.HK,GD LAND
1240.HK,CNQC INTL
1241.HK,SHUANGHUA H
1243.HK,WANG ON PPT
1244.HK,3D MEDICINES
1245.HK,NIRAKU
1246.HK,BOILLHEALTHCARE
1247.HK,MIKO INTL
125.HK,SUN HING VISION
1250.HK,SDHS NEW ENERGY
1251.HK,SPT ENERGY
1252.HK,CHINA TIANRUI
1253.HK,GREENLAND BROAD
1255.HK,TATA HEALTH
1257.HK,CEB GREENTECH
1258.HK,CHINFMINING
1259.HK,PROSPER FUTURE
126.HK,CARRIANNA
1260.HK,WONDERFUL SKY
1262.HK,LABIXIAOXIN
1263.HK,PC PARTNER
1265.HK,TIANJINJINRAN
1268.HK,MEIDONG AUTO
1269.HK,FIRST CAP GP
127.HK,CHINESE EST H
1270.HK,LANGHAM SS
1271.HK,GRAND MING
1272.HK,DATANG ENVIRO
1273.HK,HK FINANCE GP
1274.HK,IMOTIONTECH
1277.HK,KINETIC DEV
1278.HK,CHINANEWTOWN
128.HK,ENM HOLDINGS
1280.HK,QIDIAN GUOFENG
1281.HK,XINDA INV HLDGS
1282.HK,RENZE HARVEST
1283.HK,ACCEL GROUP
1284.HK,NEW MEDIA LAB
1285.HK,JIASHILI GP
1286.HK,IMPRO PRECISION
1288.HK,ABC
1289.HK,SUNLIT SCI
129.HK,ASIA STANDARD
1290.HK,CHINA HUIRONG
1292.HK,CMA LOGISTICS
1293.HK,GRAND BAOXIN
1298.HK,YUNNAN ENERGY
1299.HK,AIA
13.HK,HUTCHMED
130.HK,MOISELLE INTL
1300.HK,TRIGIANT
1301.HK,D G TECH
1302.HK,LIFETECH SCI
1303.HK,HUILI RES
1305.HK,WAI CHI HOLD
1308.HK,SITC
131.HK,CHEUK NANG HOLD
1310.HK,HKBN
1312.HK,KONTA CHINA
1313.HK,CR BLDG MAT TEC
1314.HK,TSUI WAH HLDG
1315.HK,GREEN ECONOMY
1316.HK,NEXTEER
1317.HK,MAPLELEAF EDU
1318.HK,MAO GEPING
1319.HK,OIWAHPAWN
132.HK,HING YIP HLDGS
1321.HK,CHINA NEWCITY
1323.HK,HUASHENG INTL
1326.HK,TRANSMIT ENT
1327.HK,LUXXU GROUP NEW
1328.HK,GOLDSTREAM INV
133.HK,CHINA MERCHANTS
1330.HK,DYNAGREEN ENV
1332.HK,TOUYUN BIOTECH
1334.HK,RUICHANG INTL
1335.HK,SHEEN TAI
1336.HK,NCI
1338.HK,BAWANG GROUP
1339.HK,PICC GROUP
1340.HK,HUISHENG INTL
1341.HK,HAO TIAN INTL
1343.HK,WEI YUAN HLDG
1345.HK,SH PIONEER HLDG
1346.HK,LEVER STYLE
1347.HK,HUA HONG SEMI
1348.HK,QUALI SMART
1349.HK,FUDANZHANGJIANG
135.HK,KUNLUN ENERGY
1351.HK,BRIGHT FUTURE
1354.HK,KINGFARPROPERTY
1355.HK,LEGEND STRAT
1357.HK,MEITU
1358.HK,PW MEDTECH
1359.HK,CHINA CINDA
136.HK,CHINA RUYI
1360.HK,NOVA GROUP
1361.HK,361 DEGREES
1362.HK,SIS MOBILE
1364.HK,GUMING
1368.HK,XTEP INTL
137.HK,JINHUI HOLDINGS
1370.HK,AOWEI HOLDING
1371.HK,CHINA ECOTOUR
1372.HK,C CARBONNEUTRAL
1373.HK,IH RETAIL
1375.HK,CC SECURITIES
1376.HK,RAFFLESINTERIOR
1378.HK,CHINAHONGQIAO
1379.HK,WENLING MCT
138.HK,CCT FORTIS
1380.HK,CHI KINGSTONE
1381.HK,CANVEST ENV
1382.HK,PACIFICTEXTILES
1383.HK,LET GROUP
1385.HK,SHANGHAI FUDAN
1388.HK,EMBRY HOLDINGS
1389.HK,MAJOR HLDGS
139.HK,CENTRALWEALTHGP
1393.HK,HIDILI INDUSTRY
1395.HK,ELL ENV
1396.HK,GD HKGBA HLDGS
1397.HK,BAGUIO GREEN
1398.HK,ICBC
1399.HK,VESON HLDG
14.HK,HYSAN DEV
1400.HK,MOODY TECH HLDG
1401.HK,SPROCOMM INTEL
1402.HK,I CONTROL
1405.HK,DPC DASH
1406.HK,CLARITY MEDICAL
1407.HK,JY GAS
1408.HK,MACAU E M
1410.HK,EDVANCE INTL
1412.HK,Q P GROUP
1413.HK,FEG HOLDINGS
1415.HK,COWELL
1416.HK,CTR HOLDINGS
1417.HK,RIVERINE CHINA
1418.HK,SINOMAX GROUP
1419.HK,HUMAN HEALTH
142.HK,FIRST PACIFIC
1420.HK,CHUAN HOLDING
1421.HK,PROSP GP INTL
1425.HK,JUSTIN ALLEN H
1426.HK,SPRING REIT
1427.HK,CH TIANBAO GP
1428.HK,BRIGHT SMART
1429.HK,SKYMISSION GP
1431.HK,YST DAIRY
1432.HK,CHINA SHENGMU
1433.HK,CIRTEK HLDGS
144.HK,CHINA MER PORT
1440.HK,STAR SHINE HLDG
1442.HK,INFINITY L T
1443.HK,FULUM GP HLDG
1446.HK,HUNGFOOKTONG
1447.HK,SFK
1448.HK,FU SHOU YUAN
1449.HK,LEADER EDU
145.HK,CCIAM FUTURE EN
1450.HK,BE FRIENDS HLDG
1451.HK,MS GROUP HLDGS
1452.HK,DENOX ENV
1455.HK,FOURACE IND GP
1456.HK,GLMS SEC
1458.HK,ZHOU HEI YA
1459.HK,JUJIANG CONS
146.HK,TAI PING CARPET
1460.HK,ICO GROUP
1461.HK,ZHONGTAIFUTURES
1463.HK,C LINK SQ
1466.HK,BAIJIN LIFE SCI
1468.HK,KINGKEY FIN INT
147.HK,IB SETTLEMENT
1470.HK,PROSPER ONE
1471.HK,ZHONGMIAO
1472.HK,SANG HING HLDGS
1473.HK,PANGAEA CONNECT
1475.HK,NISSIN FOODS
1476.HK,HENGTOU SEC
1477.HK,OCUMENSION B
1478.HK,Q TECH
148.HK,KINGBOARD HLDG
1480.HK,YAN TAT GROUP
1481.HK,SMART GLOBE
1483.HK,NET A GO TECH
1486.HK,C CHENG HLDGS
1488.HK,BEST FOOD HLDG
1489.HK,GC CONSTRUCTION
149.HK,CH AGRI PROD EX
1490.HK,AI X TECH
1495.HK,JIYI HOLDINGS
1496.HK,AP RENTALS
1497.HK,YAN PALACE
1498.HK,PURAPHARM
1499.HK,OKG TECH
150.HK,HYPEBEAST
1500.HK,INCON
1501.HK,INT MEDICAL
1502.HK,FIN STREET PPT
1503.HK,CMC REIT
1508.HK,CHINA RE
151.HK,WANT WANT CHINA
1513.HK,LIVZON PHARMA
1515.HK,CR MEDICAL
1516.HK,SUNAC SERVICES
1518.HK,NC HEALTHCARE
1519.HK,J T EXPRESS W
152.HK,SHENZHEN INTL
1520.HK,VIRTUAL MIND
1521.HK,FRONTAGE
1522.HK,BII TRANS TECH
1523.HK,PLOVER BAY TECH
1525.HK,GENCH EDU
1526.HK,RICI HEALTH
1527.HK,TENGY ENV
1528.HK,RS MACALLINE
1529.HK,YUES INTL HLDG
1530.HK,3SBIO
1532.HK,CHINA PARTYTIME
1536.HK,YUK WING GP
1538.HK,ZHONG AO HOME
1539.HK,UNITY GP HLDGS
154.HK,BE ENVIRONMENT
1540.HK,LEFTFIELD PRINT
1541.HK,IMMUNEONCO B
1542.HK,TAIZHOU WATER
1543.HK,JOIN SHARE
1545.HK,DESIGN CAPITAL
1546.HK,THELLOY DEV
1547.HK,IBI GROUP HLDGS
1548.HK,GENSCRIPT BIO
1549.HK,EVER HARVEST GP
1551.HK,GRCB
1552.HK,BHCC HOLDING
1553.HK,MAIKE TUBE
1555.HK,MIE HOLDINGS
1556.HK,CHINNEY KW
1557.HK,KH GP HLDGS
1558.HK,HEC CJ PHARM
1559.HK,KWAN ON HLDGS
156.HK,LIPPO CHINA RES
1560.HK,STAR GROUP ASIA
1561.HK,PAN ASIA DATA H
1563.HK,ALLI INTL ED LE
1565.HK,VIRSCEND EDU
1568.HK,SUNDART HLDGS
1569.HK,MINSHENG EDU
157.HK,NATURAL BEAUTY
1570.HK,WEIYE HOLDINGS
1571.HK,XIN POINT HOLD
1572.HK,CHINA ART FIN
1575.HK,REGAL PARTNERS
1576.HK,QILU EXPRESSWAY
1577.HK,HUIXIN CREDIT
1578.HK,BANK OF TIANJIN
1579.HK,YIHAI INTL
158.HK,MELBOURNE ENT
1580.HK,DA SEN HLDGS
1581.HK,PROGRESSIVE P
1582.HK,CR CONSTRUCTION
1583.HK,QINQIN FOODS
1585.HK,YADEA
1586.HK,LEON INSPECTION
1587.HK,SHINEROAD INTL
1588.HK,CHANJET
159.HK,BROCKMAN MINING
1591.HK,SHUN WO GROUP
1592.HK,ANCHORSTONE
1593.HK,CHEN LIN EDU
1596.HK,YICHEN IND
1597.HK,NATURE ENERGY T
1598.HK,21CENTURY EDU
1599.HK,UCD
16.HK,SHK PPT
160.HK,HON KWOK LAND
1600.HK,TIAN LUN GAS
1601.HK,ZGC TEC LEASING
1606.HK,CDB LEASING
1608.HK,VPOWER GROUP
1610.HK,COFCO JOYCOME
1611.HK,SINOHOPE TECH
1612.HK,VINCENT MED
1613.HK,SYNERTONE
1615.HK,AB BUILDERS
1616.HK,A METAVERSE
1617.HK,NANFANG COMM
1618.HK,MCC
162.HK,CENTURY GINWA
1620.HK,CINESE INTL
1621.HK,VICO INTL HLDGS
1622.HK,REDCO GROUP
1623.HK,HILONG
1626.HK,JIA YAO HLDGS
1627.HK,ABLE ENG HLDGS
1628.HK,YUZHOU GROUP
1629.HK,CHAMP ALLI INTL
163.HK,EMPEROR INTL
1630.HK,KIN SHING HLDGS
1631.HK,REF HOLDINGS
1632.HK,MSCTECH
1633.HK,SHEUNG YUE GP
1635.HK,DZUG
1636.HK,CMRU
1637.HK,SH GROUP HLDG
1638.HK,KAISA GROUP
164.HK,CHINA BAOLI TEC
1640.HK,QIAN XUN TECH
1643.HK,MODERN CHI MED
1645.HK,HAINA INTEL
1647.HK,GRANDSHORES
165.HK,CHINA EB LTD
1650.HK,HYGIEIA GROUP
1651.HK,TSUGAMI CHINA
1652.HK,FUSEN PHARM
1653.HK,MOS HOUSE
1655.HK,OKURA HOLDINGS
1656.HK,ISDN HOLDINGS
1657.HK,SG GROUP HLDGS
1658.HK,PSBC
166.HK,NEW TIMES CORP
1660.HK,ZHAOBANGJI LIFE
1661.HK,CH FRONTIER TEC
1662.HK,YEE HOP HLDGS
1663.HK,S HARBOURHOLD
1666.HK,TONG REN TANG
1667.HK,DIMMI LIFE HLDG
1668.HK,CHINASOUTHCITY
1669.HK,GIC GROUP
167.HK,IDT INTL
1671.HK,TIANBAO ENERGY
1672.HK,ASCLETIS B
1673.HK,HUAZHANG TECH
1675.HK,ASIAINFO TECH
1676.HK,GAODI HOLDINGS
1679.HK,RISECOMM GP
168.HK,TSINGTAO BREW
1680.HK,MACAU LEGEND
1681.HK,CONSUN PHARMA
1682.HK,HP LIVING TECH
1683.HK,HOPE LIFE INT
1685.HK,BOER POWER
1686.HK,SUNEVISION
1689.HK,HUAXIHOLDINGS
169.HK,WANDA HOTEL DEV
1690.HK,LAP KEI ENGRG
1691.HK,JS GLOBAL LIFE
1692.HK,TOWNRAY HLDGS
1693.HK,BGMC
1695.HK,S P INTL HLDG
1696.HK,SISRAM MED
1697.HK,SDITC
1698.HK,TME SW
17.HK,NEW WORLD DEV
1701.HK,TU YI HLDG
1702.HK,DONGGUANG CHEM
1703.HK,WELIFE TECH
1705.HK,B S INTL HLDG
1707.HK,GEOTECH HLDGS
1708.HK,SAMPLE TECH
1709.HK,DL HOLDINGS GP
171.HK,SILVER GRANT
1710.HK,TRIO IND ELEC
1711.HK,ULFERTS
1712.HK,DRAGON MINING
1713.HK,SICHUAN EN INV
1715.HK,VOLCANO SPRING
1716.HK,MOST KWAI CHUNG
1717.HK,AUSNUTRIA
1718.HK,WAN KEI GROUP
1719.HK,CIL GROUP
1720.HK,PUTIAN COMM
1721.HK,FSM HOLDINGS
1722.HK,KIN PANG HLDGS
1723.HK,HK ASIA HLDGS
1725.HK,USPACE TECH
1726.HK,HKE HOLDINGS
1727.HK,HEBEI CONS
1728.HK,ZHENGTONGAUTO
1729.HK,TIMEINTERCON 1K
173.HK,K WAH INTL
1730.HK,LHN
1731.HK,PROSPEROUS IND
1732.HK,XIANGXING INT
1733.HK,E COMMODITIES
1735.HK,CENTRAL NEW EGY
1736.HK,PARENTING NET
1737.HK,A S GROUP
1738.HK,FS ANTHRACITE
1739.HK,QEEKA HOME
174.HK,GEMINI INV
1740.HK,VALUES CULTURAL
1741.HK,SHING CHI HLDGS
1742.HK,HPC HOLDINGS
1745.HK,LVJI TECH
1746.HK,MAN SHUN GP
1747.HK,HOME CONTROL
1748.HK,XIN YUAN ENT
1749.HK,SHANSHAN
175.HK,GEELY AUTO
1750.HK,REM GROUP HLDGS
1751.HK,KINGLAND GROUP
1752.HK,TOP EDUCATION
1753.HK,DUIBA
1755.HK,S ENJOY SERVICE
1756.HK,CHI SCI EDU IND
1757.HK,AFFLUENT FDN
1758.HK,BOJUN EDU
1759.HK,SINO GAS HLDGS
176.HK,SUPERACTIVE GP
1760.HK,INTRON TECH
1762.HK,WANKA ONLINE
1763.HK,CIRC
1765.HK,XJ INTL HLDGS
1766.HK,CRRC
1767.HK,TS WONDERS
1769.HK,SCHOLAR EDU
177.HK,JIANGSU EXPRESS
1771.HK,SUNFONDA GP
1772.HK,GANFENGLITHIUM
1773.HK,TIANLI INT HLDG
1775.HK,BEXCELLENT GP
1776.HK,GF SEC
1777.HK,FANTASIA
1778.HK,COLOUR LIFE
178.HK,SA SA INTL
1780.HK,RONGZUN INTL H
1782.HK,IB DIGITAL TECH
1783.HK,ENVISION GREEN
1785.HK,CHENGDU EXPWAY
1786.HK,CRCCE
1787.HK,SD GOLD
1788.HK,GUOTAI JUNAN I
1789.HK,AK MEDICAL
179.HK,JOHNSON ELEC H
1790.HK,TIL ENVIRO
1792.HK,CMON
1793.HK,WECON HOLDINGS
1795.HK,YADONG GROUP
1796.HK,METASPACEX
1797.HK,EAST BUY
1798.HK,DATANG RENEW
1799.HK,XINTE ENERGY
18.HK,ORIENTAL E H
180.HK,KADER HOLDINGS
1800.HK,CHINA COMM CONS
1801.HK,INNOVENT BIO
1802.HK,WENYE GROUP
1803.HK,BJ SPORTS ENT
1808.HK,ENTERPRISE DEV
1809.HK,PRINX CHENGSHAN
181.HK,FUJIAN HOLDINGS
1810.HK,XIAOMI W
1811.HK,CGN NEW ENERGY
1812.HK,CHENMING PAPER
1813.HK,KWG GROUP
1815.HK,CSMALL
1816.HK,CGN POWER
1817.HK,MULSANNE GROUP
1818.HK,ZHAOJIN MINING
182.HK,CONCORD NE
1820.HK,PM PACKAGING
1821.HK,ESR
1822.HK,CHINA WOOD INT
1823.HK,HUAYUEXPRESSWAY
1825.HK,STERLING GP
1826.HK,FDB HOLDINGS
1827.HK,MIRICOR
183.HK,WINFULL GP
1830.HK,PERFECT MEDICAL
1831.HK,SHIFANG HLDG
1832.HK,SAI LEISURE
1833.HK,PA GOODDOCTOR
1835.HK,REALWAY CAPITAL
1836.HK,STELLA HOLDINGS
1837.HK,NATURAL FOOD IH
184.HK,KECK SENG INV
1841.HK,APLUS GROUP
1842.HK,GROWN UP GROUP
1843.HK,SNACK EMPIRE
1845.HK,WG ENV TECH
1846.HK,EUROEYES
1847.HK,GHPC
1848.HK,CALC
1849.HK,AM GROUP
185.HK,ZENSUN ENT
1850.HK,HSC RESOURCES
1851.HK,GINGKO EDU
1853.HK,CHUNCHENG HEAT
1854.HK,CHINA WANTIAN
1855.HK,ZONQING LTD
1856.HK,ERNEST BOREL
1857.HK,CEB WATER
1858.HK,CHUNLI MEDICAL
186.HK,NIMBLE HOLDINGS
1860.HK,MOBVISTA
1861.HK,PRECIOUS DRAGON
1862.HK,JINGRUI HLDGS
1865.HK,TRENDZON HLDG
1866.HK,CHINA XLX FERT
1867.HK,STD DEV GROUP
1868.HK,NEO NEON
1869.HK,KAFELAKU COFFEE
187.HK,JINGCHENG MAC
1870.HK,ACME INTL HLDGS
1871.HK,CHINA ORIENTED
1872.HK,GUAN CHAO HLDGS
1873.HK,VIVA BIOTECH
1875.HK,TOT BIOPHARM B
1876.HK,BUD APAC
1877.HK,JUNSHI BIO
1878.HK,SOUTHGOBI
188.HK,SUNWAH KINGSWAY
1880.HK,CTG DUTY FREE
1881.HK,REGAL REIT
1882.HK,HAITIAN INTL
1883.HK,CITIC TELECOM
1884.HK,EPRINT GROUP
1888.HK,KB LAMINATES
1889.HK,SANAI HEALTH GP
189.HK,DONGYUE GROUP
1890.HK,CHINA KEPEI
1891.HK,HENG HUP
1894.HK,HANG YICK HLDGS
1895.HK,XINYUAN PM
1896.HK,MAOYAN ENT
1897.HK,MILLIONHOPE IND
1898.HK,CHINA COAL
1899.HK,XINGDA INTL
19.HK,SWIRE PACIFIC A
1900.HK,CHINA ITS
1901.HK,FEIYANG GROUP
1903.HK,JBB BUILDERS
1905.HK,HAITONG UT
1906.HK,BONNY HLDG
1907.HK,CHINA RISUN GP
1908.HK,C D INTL GROUP
1909.HK,FIRE ROCK NEW
191.HK,LAI SUN INTL
1910.HK,SAMSONITE
1911.HK,CR HOLDINGS
1912.HK,CONTEL
1913.HK,PRADA
1915.HK,TAIHE M FIN
1916.HK,JIANGXI BANK
1917.HK,DOUMOB
1918.HK,SUNAC
1919.HK,COSCO SHIP HOLD
1920.HK,CHINA WACAN
1921.HK,DALIPAL HLDG
1922.HK,RUISEN LIFE SER
1925.HK,KWUNGS AROMA
1927.HK,JIUJIUWANG
1928.HK,SANDS CHINA LTD
1929.HK,CHOW TAI FOOK
193.HK,CAPITAL ESTATE
1930.HK,SHINELONG
1931.HK,IVD MEDICAL
1932.HK,CPM GROUP
1933.HK,ONEFORCE HLDGS
1935.HK,JH EDUCATION
1936.HK,RITAMIX
1937.HK,JIACHEN HOLDING
1938.HK,CHU KONG PIPE
1939.HK,TOKYO CHUO
194.HK,LIU CHONG HING
1940.HK,CGII HLDGS
1941.HK,YE XING GROUP
1942.HK,MOG DIGITECH
1943.HK,KINGS STONE
1945.HK,ZERO2IPO
1947.HK,MEIHAO GROUP
1948.HK,UJU HOLDING
1949.HK,PLATT NERA
195.HK,GREENTECH INTL
1950.HK,DIWANG IND H
1951.HK,JXR
1952.HK,EVEREST MED B
1953.HK,RIMBACO
1955.HK,JOHNSON HLDGS
1957.HK,MBV INTL
1958.HK,BAIC MOTOR
1959.HK,CENT UNIT HLDG
196.HK,HONGHUA GROUP
1960.HK,TBKS HLDGS
1961.HK,INFINITIES TECH
1962.HK,EVERGREEN PG
1963.HK,BCQ
1965.HK,LANDSEA LIFE
1966.HK,CHINA SCE GROUP
1967.HK,CONFIDENCE IN
1968.HK,HINGTEX HLDGS
1969.HK,CHINA CHUNLAI
197.HK,HENG TAI
1970.HK,IMAX CHINA
1971.HK,RSUN SER
1972.HK,SWIREPROPERTIES
1973.HK,TIAN TU CAPITAL
1975.HK,SUN HING PRINT
1977.HK,ANALOGUE HLDGS
1978.HK,LH GROUP
1979.HK,TEN PAO GROUP
1980.HK,TIANGE
1981.HK,CATHAY GP HLDGS
1982.HK,NAMESON HLDGS
1983.HK,LUZHOU BANK
1985.HK,MICROWARE
1986.HK,TSAKER NE
1987.HK,BENG SOON MACH
1988.HK,MINSHENG BANK
199.HK,ITC PROPERTIES
1991.HK,TA YANG GROUP
1993.HK,ASIARAY
1995.HK,ES SERVICES
1996.HK,RSUN PPT
1997.HK,WHARF REIC
1999.HK,MAN WAH HLDGS
2.HK,CLP HOLDINGS
20.HK,SENSETIME W
200.HK,MELCO INTL DEV
2000.HK,SIM TECH
2001.HK,NEW HIGHER EDU
2002.HK,SUNSHINE PAPER
2003.HK,VCREDIT
2005.HK,SSY GROUP
2007.HK,COUNTRY GARDEN
2008.HK,PHOENIX TV
2009.HK,BBMG
201.HK,MAGNIFICENT
2011.HK,GILSTON GROUP
2012.HK,SUNSHINE OIL
2013.HK,WEIMOB INC
2015.HK,LI AUTO W
2016.HK,CZBANK
2017.HK,CHANHIGH
2018.HK,AAC TECH
2019.HK,DEXIN CHINA
202.HK,EVERCHINA INTL
2020.HK,ANTA SPORTS
2022.HK,DIGIT HOLLYWOOD
2023.HK,CHINA LUDAO
2025.HK,RUIFENG POWER
2028.HK,JOLIMARK
2030.HK,CABBEEN
2031.HK,AUSUPREME
2033.HK,TIME WATCH
2038.HK,FIH
2039.HK,CIMC
204.HK,CAPITAL REALM
2048.HK,E HOUSE ENT
205.HK,SEEC MEDIA
2051.HK,51 CREDIT CARD
2057.HK,ZTO EXPRESS W
206.HK,CM ENERGY
2060.HK,PUJIANG INTL
2066.HK,SHENGJINGBANK
2068.HK,CHALIECO
207.HK,JOY CITY PPT
2076.HK,BOSS ZHIPIN W
2078.HK,PANASIALUM
2080.HK,AUX INTL
2086.HK,LEADWAY TECH
2088.HK,XIWANG PROPERTY
209.HK,WINSHINE SCI
2096.HK,SIMCERE PHARMA
2097.HK,MIXUE GROUP
2098.HK,ZALL SMARTCOM
2099.HK,CHINAGOLDINTL
21.HK,GREAT CHI HLDGS
210.HK,DAPHNE INTL
2100.HK,BAIOO
2101.HK,FULU HOLDINGS
2102.HK,TAK LEE MACH
2105.HK,LAEKNA B
2107.HK,FIRST SERVICE
2108.HK,K2 F B
211.HK,STYLAND HOLD
2110.HK,TIAN CHENG HLDG
2111.HK,BEST PACIFIC
2112.HK,GRACE LIFE TECH
2113.HK,CENTURY GP INTL
2116.HK,JS INNOV
2119.HK,TSIT WING INTL
212.HK,NANYANG HOLD
2120.HK,KN HOSPITAL
2121.HK,AINNOVATION
2122.HK,KIDSLAND INTL
2125.HK,STRAWBEAR ENT
2126.HK,JW THERAP B
2127.HK,HUISEN SHARES
2128.HK,CHINA LESSO
2129.HK,LEGION CONSO
213.HK,NATIONAL ELEC H
2130.HK,CN LOGISTICS
2131.HK,NETJOY
2132.HK,LANDRICH HLDG
2135.HK,RAILY AESMED
2136.HK,LIFESTYLE CHI
2137.HK,BRII B
2138.HK,EC HEALTHCARE
2139.HK,BANK OF GANSU
214.HK,ASIA ORIENT
2142.HK,HBM HOLDINGS B
2145.HK,CHICMAX
2146.HK,ROISERV
2147.HK,ZHENGWEI GROUP
2148.HK,VESYNC
2149.HK,BATELAB
215.HK,HUTCHTEL HK
2150.HK,NAYUKI
2152.HK,SUXIN SERVICES
2153.HK,TAT HONG EQUIP
2155.HK,MORIMATSU INTL
2156.HK,C D PROPERTY
2157.HK,LEPU BIO B
2158.HK,YIDU TECH
2159.HK,MEDIWELCOME
216.HK,CHINNEY INV
2160.HK,CARDIOFLOW B
2161.HK,JBM HEALTHCARE
2162.HK,KEYMED BIO B
2163.HK,BROAD HOMES
2165.HK,LING YUE SER GP
2166.HK,SMART CORE
2167.HK,TI CLOUD
2168.HK,KAISA PROSPER
2169.HK,CANGGANGRAILWAY
217.HK,CHINA CHENGTONG
2170.HK,BASECARE B
2171.HK,CARSGEN B
2172.HK,MICROPORT NEURO
2175.HK,CH GENERAL EDU
2176.HK,CCID CONSULTING
2177.HK,UNQ HOLDINGS
2178.HK,PETRO KING
2179.HK,RECBIO B
218.HK,SWHYHK
2180.HK,MANPOWER GRC
2181.HK,MABPHARM B
2182.HK,TIAN CHANG GP
2185.HK,BIOHEART B
2186.HK,LUYE PHARMA
2187.HK,ZHIXIN GP HLDG
2188.HK,TITANS ENERGY
2189.HK,KATO HK HLDGS
219.HK,SHUNHO PROPERTY
2190.HK,ZYLOXTB B
2191.HK,SF REIT
2192.HK,MEDLIVE
2193.HK,MAN KING HOLD
2195.HK,UNITY ENT
2196.HK,FOSUN PHARMA
2197.HK,CLOVER BIO B
2198.HK,CHINA SANJIANG
2199.HK,REGINA MIRACLE
22.HK,MEXAN
220.HK,U PRESID CHINA
2202.HK,CHINA VANKE
2203.HK,BRAINHOLE TECH
2205.HK,KANGQIAO SER
2208.HK,GOLDWIND
2209.HK,YESASIA HLDGS
2210.HK,BEIJING JIAYE
2211.HK,UNI HEALTH
2212.HK,FB MINING
2215.HK,DEXIN SER GROUP
2216.HK,BRONCUS B
2217.HK,TAM JAI INTL
2218.HK,ANDRE JUICE
2219.HK,CHAOJU EYE CARE
222.HK,MIN XIN HOLD
2221.HK,NEW CONCEPTS
2222.HK,NVC INTL
2223.HK,CASABLANCA
2225.HK,JINHAI MED TECH
2226.HK,HONWORLD GP
2227.HK,SOLIS HOLDINGS
2228.HK,XTALPI
223.HK,ELIFE HLDGS
2230.HK,MEDIALINK GROUP
2231.HK,JY GRANDMARK
2232.HK,CRYSTAL INTL
2233.HK,WESTCHINACEMENT
2235.HK,MICROTECH MED B
2236.HK,WISON ENGRG
2237.HK,CHINA GRAPHITE
2238.HK,GAC GROUP
2239.HK,SMIT
224.HK,PIONEER GLOBAL
2245.HK,LYGEND RESOURCE
2246.HK,GOGOX
225.HK,POKFULAM
2250.HK,BDUCK SEMK
2251.HK,AIRDOC B
2252.HK,MEDBOT B
2255.HK,HAICHANG HLDG
2256.HK,ABBISKO B
2257.HK,SIRNAOMICS B
2258.HK,WATTS INTL
226.HK,LIPPO
2260.HK,VANOV HOLDINGS
2262.HK,SLD GROUP
2263.HK,FU SHEK FIN
2265.HK,HC ENV TECH
2266.HK,LAI SI ENT
2268.HK,WUXI XDC
2269.HK,WUXI BIO
227.HK,FIRST SHANGHAI
2270.HK,DESUN SERVICES
2271.HK,ZHONGAN SERVICE
2273.HK,GUSHENGTANG
2276.HK,CONANT OPTICAL
2279.HK,YONGHE MEDICAL
228.HK,CHINA ENERGY
2280.HK,HC GROUP
2281.HK,XINGLU WATER
2282.HK,MGM CHINA
2283.HK,TK GROUP HLDG
2285.HK,CHERVON
2286.HK,CHEN XING
2288.HK,RYKADAN CAPITAL
2289.HK,CHARMACY PHAR
229.HK,RAYMOND IND
2291.HK,SCIENTECH
2292.HK,THING ON ENT
2293.HK,BAMBOOSHEALTH
2295.HK,MAXICITY
2297.HK,RAINMED B
2298.HK,COSMO LADY
2299.HK,BILLION IND
23.HK,BANK OF E ASIA
230.HK,MINMETALS LAND
2302.HK,CNNC INTL
2306.HK,YH ENT
2307.HK,KAM HING INTL
2309.HK,ZO FUTURE GROUP
2310.HK,TIMES UNI GP
2312.HK,CH FIN LEASING
2313.HK,SHENZHOU INTL
2314.HK,LEE MAN PAPER
2315.HK,BIOCYTOGEN B
2317.HK,VEDAN INTL
2318.HK,PING AN
2319.HK,MENGNIU DAIRY
232.HK,CON AERO TECH
2320.HK,HOP FUNG GROUP
2321.HK,SWANGCHAICHUAN
2322.HK,MODERN INNO DT
2323.HK,RENCO HOLDINGS
2324.HK,CAPITAL VC
2325.HK,YUNKANG GROUP
2326.HK,NPE HOLDINGS
2327.HK,MEILLEUREHEALTH
2328.HK,PICC P C
2329.HK,GLORY HEALTH
2330.HK,CHINA UPTOWN
2331.HK,LI NING
2333.HK,GWMOTOR
2336.HK,SHUOAO INTL
2337.HK,UNITED STRENGTH
2338.HK,WEICHAI POWER
2339.HK,BWI INTL
234.HK,NEW CENTURY GP
2340.HK,ISP HOLDINGS
2342.HK,COMBA
2343.HK,PACIFIC BASIN
2347.HK,YOHO GROUP
2348.HK,DAWNRAYS PHARMA
2349.HK,CH CITY INFRA
235.HK,CSC HOLDINGS
2350.HK,MTT GROUP
2352.HK,DOWELL SERVICE
2355.HK,BAOYE GROUP
2356.HK,DAHSING BANKING
2357.HK,AVICHINA
2358.HK,JIU RONG HOLD
2359.HK,WUXI APPTEC
236.HK,SAN MIGUEL HK
2360.HK,BEST MART 360
2361.HK,SINOHEALTH HLDG
2362.HK,JINCHUAN INTL
2363.HK,TONGDA HONG TAI
2367.HK,GIANT BIOGENE
2368.HK,EAGLE NICE
2369.HK,COOLPAD GROUP
237.HK,SAFETY GODOWN
2370.HK,REDCO HEALTHY
2371.HK,CHUANGLIAN HOLD
2372.HK,WEILI HOLDINGS
2373.HK,BEAUTYFARM MED
2376.HK,LUSHANGSERVICES
2377.HK,BOQI ENV
2378.HK,PRU
2380.HK,CHINA POWER
2381.HK,SMC ELECTRIC
2382.HK,SUNNY OPTICAL
2383.HK,TOM GROUP
2385.HK,READBOY
2386.HK,SINOPEC SEG
2388.HK,BOC HONG KONG
2389.HK,BJ HEALTH
239.HK,PAK FAH YEOW
2390.HK,ZHIHU W
2391.HK,TUYA W
2392.HK,XUANWU CLOUD
2393.HK,YESTAR HEALTH
2399.HK,CN ANCHU ENERGY
240.HK,BUILD KING HOLD
2400.HK,XD INC
2402.HK,SINOHYTEC
2405.HK,POWERWIN TECH
2407.HK,GAUSH MEDITECH
2409.HK,SEACON
241.HK,ALI HEALTH
2410.HK,TYK MEDICINES B
2411.HK,PAGODA GP
2415.HK,MEDSCI
2416.HK,EDIANYUN
2418.HK,DEEWIN
2419.HK,DEKON AGR
242.HK,SHUN TAK HOLD
2420.HK,ZIBUYU
2421.HK,KRP DEVELOPMENT
2422.HK,REGO INTERACT
2423.HK,BEKE W
2425.HK,AUSTASIA GROUP
2427.HK,GUANZE MEDICAL
2429.HK,UBOX ONLINE
243.HK,QPL INTL
2431.HK,MINIEYE
2432.HK,DOBOT
2433.HK,ZT HN GROUP
2436.HK,LX TECHNOLOGY
2438.HK,MOBVOI
2439.HK,CH TREASURES NM
244.HK,SINCERE
2440.HK,HOWKINGTECH
2442.HK,EASY SMART GP
2443.HK,AUTOSTREETS
2448.HK,SPACE GROUP
245.HK,CHINA VERED FIN
2450.HK,HUAIBEI GD CO
2451.HK,LUYUAN GP HLDG
2453.HK,CONCORD HC GP
2455.HK,RUNHUA SERVICE
2457.HK,BUYANG INTL
2458.HK,GALA TECH HOLD
2459.HK,SANERGY GROUP
2460.HK,CR BEVERAGE
2461.HK,SYNAGISTICS W29
2465.HK,LOPAL TECH
2469.HK,FENBI
247.HK,TST PROPERTIES
2473.HK,XXF
2477.HK,WELLCELL H NEW
2478.HK,APAC RES W2712
2479.HK,TIANJUDIHE
248.HK,HKC INTL HOLD
2480.HK,LUZHU BIOTECH B
2481.HK,WISE LIVING TEC
2482.HK,LOGORY
2483.HK,K CASH
2486.HK,PLUS GP HOLDING
2487.HK,CUTIA B
2488.HK,LAUNCH TECH
2489.HK,PERSISTENCE RES
2490.HK,LC LOGISTICS
2495.HK,VOICECOMM
2496.HK,YZYBIO B
2497.HK,FUJING HOLDINGS
2498.HK,ROBOSENSE
2499.HK,FOLANGSI
25.HK,CHEVALIER INTL
2500.HK,VENUS MEDTECH B
2501.HK,MAIYUE TECH
2502.HK,JINYUAN HCHEM
2503.HK,ZHONGSHENJIANYE
2505.HK,EDA GROUP HLDGS
2506.HK,XUNFEIHEALTH
2507.HK,CIRRUS
2509.HK,QYUNS B
251.HK,SEA HOLDINGS
2510.HK,TS LINES
2511.HK,HIGHTIDE B
2512.HK,CLOUD FACTORY
2515.HK,TJCD
2516.HK,FAR INTL
2517.HK,GUOQUAN
2518.HK,AUTOHOME S
2519.HK,AUGROUP
252.HK,SE ASIA PPT
2520.HK,SHANXI INSTALL
2521.HK,SHENGHUI CLEAN
2522.HK,RIMAG GROUP
2528.HK,FW FASHION INT
2529.HK,HOLLWIN URBAN
253.HK,SHUNHO HOLDINGS
2530.HK,NUMANS
2531.HK,CARLINK TECH
2533.HK,BLACK SESAME
2535.HK,WK GROUP
2536.HK,PALASINO
254.HK,NUR HOLDINGS
2540.HK,LESI GROUP
2545.HK,ZHONGGAN COMM
2549.HK,CAROTE LTD
255.HK,LUNG KEE
2550.HK,EASOU TECH
2551.HK,APT ELECTRONICS
2552.HK,HUA MEDICINE B
2555.HK,CHABAIDAO
2556.HK,MARKETINGFORCE
2558.HK,JINSHANG BANK
2559.HK,DIDA INC
256.HK,CITYCHAMP
2560.HK,CONCH MAT TECH
2561.HK,VISEN PHARMA B
2562.HK,SYNAGISTICS
2563.HK,BIOSTAR PHARM B
2566.HK,JIUYUAN GENE
2567.HK,QINIU
2569.HK,SOFT INTL
257.HK,EB ENVIRONMENT
2570.HK,REFIRE
2571.HK,SAIMO
2572.HK,ZG GROUP W30
2576.HK,TAIMEI TECH
2577.HK,INNOSCIENCE
258.HK,TOMSON GROUP
2582.HK,GUOFUHEE
2585.HK,MOKINGRAN
2586.HK,DMALL
2587.HK,HEALTHYWAY INC
2588.HK,BOC AVIATION
259.HK,YEEBO INTL H
2593.HK,HERBS GROUP
2596.HK,YIBIN BANK
2598.HK,LIANLIAN
26.HK,CHINA MOTOR BUS
2600.HK,CHALCO
2601.HK,CPIC
2602.HK,ONEWO
2607.HK,SH PHARMA
2608.HK,SUNSHINE 100
261.HK,GBA HOLDING NEW
2610.HK,NANSHAN AL INTL
2611.HK,GTJA
2612.HK,CSI PPT W2704
2613.HK,CONTIOCEAN
2616.HK,CSTONE PHARMA B
2618.HK,JD LOGISTICS
262.HK,DESON DEV INTL
2623.HK,ADD NEW ENERGY
2625.HK,JIANGSU HORIZON
2628.HK,CHINA LIFE
2633.HK,JACOBSON PHARMA
2638.HK,HKELECTRIC SS
264.HK,CN INT DEV CORP
265.HK,GANGYU SERVICES
266.HK,TIAN TECK LAND
2660.HK,ZENGAME
2663.HK,KPA BM HLDGS
2666.HK,UNI MEDICAL
2668.HK,PAK TAK INTL
2669.HK,CHINA OVS PPT
267.HK,CITIC
2678.HK,TEXHONG INTL GP
268.HK,KINGDEE INTL
2680.HK,INNOVAX HLDGS
2682.HK,YUN LEE MARINE
2683.HK,WAHSUN HANDBAGS
2688.HK,ENN ENERGY
2689.HK,ND PAPER
269.HK,CRTG
2696.HK,HENLIUS
2699.HK,XINMING CHINA
27.HK,GALAXY ENT
270.HK,GUANGDONG INV
2700.HK,GREEN INTL HLDG
2708.HK,IBO TECH
271.HK,ASIASEC PPT
272.HK,SHUI ON LAND
2722.HK,CHONGQING M E
2727.HK,SH ELECTRIC
2728.HK,JINTAI ENERGY H
2738.HK,HUAJIN INTL
274.HK,RA SILKROAD NEW
276.HK,MONGOLIA ENERGY
277.HK,TERN PROPERTIES
2772.HK,ZHONGLIANG HLDG
2777.HK,R F PROPERTIES
2778.HK,CHAMPION REIT
2779.HK,CH XINHUA EDU
2789.HK,YUANDA CHINA
279.HK,ARTA TECHFIN
2798.HK,PER ENERGY
2799.HK,CITIC FAMC
28.HK,TIAN AN
280.HK,KING FOOK HOLD
285.HK,BYD ELECTRONIC
2858.HK,YIXIN
286.HK,AIDIGONG
2863.HK,GOLDEN FAITH GP
2866.HK,COSCO SHIP DEV
2869.HK,GREENTOWN SER
287.HK,WINFAIR INV
2877.HK,SHINEWAY PHARM
2878.HK,SOLOMON SYSTECH
288.HK,WH GROUP
2880.HK,LIAONING PORT
2881.HK,WUHAN YOUJI
2882.HK,3DG HOLDINGS
2883.HK,CHINA OILFIELD
2885.HK,PEIPORT HOLD
2886.HK,BINHAI INV
2888.HK,STANCHART
289.HK,WING ON CO
2892.HK,MILLION CITIES
2898.HK,SUNHO BIO B
2899.HK,ZIJIN MINING
29.HK,DYNAMIC HOLD
290.HK,GOFINTECH QUANT
291.HK,CHINA RES BEER
293.HK,CATHAY PAC AIR
294.HK,YANGTZEKIANG
295.HK,KONG SUN HOLD
2950.HK,CSI PPT OLD
2951.HK,DEVGREAT OLD
2952.HK,LUXXU GROUP OLD
2953.HK,GBA HOLDING OLD
2954.HK,RA SILKROAD OLD
2955.HK,CSI PPT RTS
2956.HK,GRAPHEX GP OLD
2957.HK,CROWNICORP OLD
2958.HK,LUXXU GROUP RTS
2959.HK,WAN KEI GP RTS
296.HK,EMPEROR E HOTEL
2960.HK,FIRE ROCK OLD
2961.HK,WELLCELL H OLD
2962.HK,EPI HOLD OLD
2963.HK,TIMEINTERCON 8K
2964.HK,YUES INTL H RTS
2965.HK,GRAPHEX GP RTS
2966.HK,CMRU
297.HK,SINOFERT
298.HK,CHUANGS CHINA
299.HK,GLORY SUN LAND
3.HK,HK CHINA GAS
30.HK,YNBY INTL
300.HK,MIDEA GROUP
301.HK,SANVO CHEMICALS
302.HK,CMGE
303.HK,VTECH HOLDINGS
305.HK,WULING MOTORS
306.HK,KWOON CHUNG BUS
308.HK,CHINA TRAVEL HK
309.HK,XH NEWS MEDIA
31.HK,CHINA AEROSPACE
310.HK,PROSP INV HOLD
311.HK,LUEN THAI
312.HK,SHIRBLE STORE
313.HK,RICHLY FIELD
314.HK,SIPAI HEALTH
315.HK,SMARTONE TELE
316.HK,OOIL
317.HK,COMEC
318.HK,VONGROUP
32.HK,CROSS HAR HOLD
320.HK,COMPUTIME
321.HK,TEXWINCA HOLD
322.HK,TINGYI
323.HK,MAANSHAN IRON
325.HK,BLOKS
326.HK,CHINA STAR ENT
327.HK,PAX GLOBAL
328.HK,ALCO HOLDINGS
329.HK,OCI INTL
33.HK,INTL GENIUS
330.HK,ESPRIT HOLDINGS
3300.HK,CHINA GLASS
3301.HK,RONSHINECHINA
3302.HK,KINERGY
3303.HK,JUTAL OIL SER
3306.HK,JNBY
3309.HK,C MER MEDICAL
331.HK,FSE LIFESTYLE
3311.HK,CHINA STATE CON
3313.HK,ARTGO HOLDINGS
3315.HK,GOLDPAC GROUP
3316.HK,BINJIANG SER
3318.HK,CHINA BOTON
3319.HK,A LIVING
332.HK,YUANHENG GAS
3320.HK,CHINARES PHARMA
3321.HK,WAI HUNG GROUP
3322.HK,WIN HANVERKY
3323.HK,CNBM
3326.HK,PERFECT GROUP
3328.HK,BANKCOMM
3329.HK,BOCOM INTL
333.HK,TOP FORM INTL
3330.HK,LINGBAO GOLD
3332.HK,SINOLIFE UTD
3333.HK,EVERGRANDE
3336.HK,JU TENG INTL
3337.HK,ANTON OILFIELD
3339.HK,LONKING
334.HK,CH DISPLAY OPT
3347.HK,TIGERMED
3348.HK,CHINA PENGFEI
335.HK,UPBEST GROUP
336.HK,HUABAO INTL
3360.HK,FE HORIZON
3363.HK,ZHENGYE INTL
3366.HK,OCT ASIA
3368.HK,PARKSON GROUP
3369.HK,QHD PORT
337.HK,GREENLAND HK
3377.HK,SINO OCEAN GP
338.HK,SHANGHAI PECHEM
3380.HK,LOGAN GROUP
3382.HK,TIANJINPORT DEV
3383.HK,AGILE GROUP
3389.HK,HENGDELI
339.HK,CN SCI TECH IND
3390.HK,TYCOON GROUP
3393.HK,WASION HOLDINGS
3395.HK,JX ENERGY
3396.HK,LEGENDHOLDING
3398.HK,CHINA TING
3399.HK,YUEYUN TRANS
34.HK,KOWLOON DEV
340.HK,TONGGUAN GOLD
3401.HK,GX AI INFRA
3402.HK,GX G2TECH
3403.HK,CAM HSI ESG
3404.HK,CAM MSCIINDIA
3405.HK,FB ASIA EGY STR
341.HK,CAFE DE CORAL H
3410.HK,HS JAPAN TPX100
3411.HK,PP ASIA IGUSD
3412.HK,A DOO PAYMENTS
3413.HK,A DOO AI
3416.HK,A GX HSCEICC
3417.HK,A GX HSTCC
3419.HK,A GX HSICC
3422.HK,GX INNO TOP 10
3423.HK,CMS HS TECH
3426.HK,A DOO WEB3
3427.HK,FB MULTIASSET
343.HK,CULTURECOM HOLD
3432.HK,CSOP HKCNCON
3433.HK,CSOP UST20
3435.HK,HSCMS 7 10Y UST
3436.HK,HSCMS 1 3Y UST
3437.HK,BOS CSOE HIDV
3439.HK,HGI BTC
3440.HK,GX 0 3M UST
3441.HK,CSOP EWSELECT
3442.HK,CSOP HKUSTECH
345.HK,VITASOY INTL
3450.HK,GX 3 5Y UST
3453.HK,PREMIA TW50
3454.HK,CSOP MAG7
3455.HK,INVESCO QQQ
346.HK,YANCHANG PETRO
3466.HK,HS HIGH DIV
347.HK,ANGANG STEEL
3470.HK,GX GREATERCHINA
348.HK,CHINAHEALTHWISE
35.HK,FE CONSORT INTL
351.HK,ASIA ENERGY LOG
352.HK,FORTUNE SUN
353.HK,ENERGY INTINV
354.HK,CHINASOFT INTL
355.HK,CENTURY C INTL
356.HK,DT CAPITAL
357.HK,MEILAN AIRPORT
358.HK,JIANGXI COPPER
36.HK,FE HLDGS INTL
360.HK,NEW FOCUS AUTO
3600.HK,MODERN DENTAL
3601.HK,LUDASHI
3603.HK,XINJI SHAXI
3606.HK,FUYAO GLASS
361.HK,SINO GOLF HOLD
3613.HK,TONGRENTANGCM
3616.HK,EVER REACH GP
3618.HK,CQRC BANK
362.HK,C ZENITH CHEM
3623.HK,C SUCCESS FIN
3626.HK,HSSP INTL
3628.HK,RENHENG ENT
363.HK,SHANGHAI IND H
3633.HK,ZHONGYU ENERGY
3638.HK,HUNLICAR GROUP
3639.HK,YIDA CHINA
365.HK,SINO ICT
3650.HK,KEEP
3658.HK,NEW HOPE SERV
366.HK,LUKS GROUP VN
3660.HK,QFIN S
3662.HK,STARJOY W T
3666.HK,SHANGHAI XNG
3668.HK,YANCOAL AUS
3669.HK,YONGDA AUTO
367.HK,CHUANGS INTL
3677.HK,ZENERGY
3678.HK,HOLLY FUTURES
368.HK,SUPERLAND GROUP
3680.HK,RUIHE DATA
3681.HK,SINOMAB BIO B
3683.HK,GREAT HARVEST
3686.HK,CLIFFORDML
3688.HK,TOP SPRING
3689.HK,KANGHUA HEALTH
369.HK,WING TAI PPT
3690.HK,MEITUAN W
3692.HK,HANSOH PHARMA
3698.HK,HUISHANG BANK
3699.HK,EB GRAND CHINA
37.HK,FE HOTELS
370.HK,CHINA BEST
3700.HK,INKEVERSE
3708.HK,CH SUPPLY CHAIN
3709.HK,EEKA FASHION
371.HK,BJ ENT WATER
3718.HK,BJ ENT URBAN
372.HK,PT INTL DEV
3728.HK,CHING LEE
373.HK,ALLIED GROUP
3737.HK,ZHONGZHIPHARM
3738.HK,VOBILE GROUP
374.HK,FOUR SEAS MER
375.HK,YGM TRADING
3759.HK,PHARMARON
376.HK,YUNFENG FIN
3768.HK,DCWT
377.HK,CHINA HUAJUN GP
3773.HK,YS DIGIFAVOR
3778.HK,CHINA WEAVING
3788.HK,CHINA HANKING
3789.HK,ROYAL DELUXE
379.HK,EG LEASING
3798.HK,HOMELAND ITL
38.HK,FIRST TRACTOR
380.HK,CHINA PIPE
3800.HK,GCL TECH
3808.HK,SINOTRUK
381.HK,AOM INTL
3813.HK,POU SHENG INTL
3816.HK,KFM KINGDOM
3818.HK,CHINA DONGXIANG
382.HK,EDVANTAGE GROUP
3822.HK,SAM WOO CONS
3828.HK,MING FAI INTL
383.HK,TIANAN MEDICARE
3830.HK,KIDDIELAND
3833.HK,XINXIN MINING
3836.HK,HARMONY AUTO
3838.HK,CHINA STARCH
3839.HK,CT ENTERPRISE
384.HK,CHINA GAS HOLD
3848.HK,HAOSEN FINTECH
385.HK,CHINNEY ALLI
386.HK,SINOPEC CORP
3860.HK,EPS HEALTH TECH
3866.HK,BQD
3868.HK,XINYI ENERGY
3869.HK,HOSPITAL CORP
387.HK,LEEPORT HOLD
3877.HK,CSSC SHIPPING
3878.HK,VICON HOLDINGS
388.HK,HKEX
3882.HK,SKYLIGHT HLDG
3883.HK,CHINA AOYUAN
3886.HK,TOWN HEALTH
3888.HK,KINGSOFT
3889.HK,GLOBAL SWEET
389.HK,TONTINE WINES
3893.HK,CROSSTEC
3896.HK,KINGSOFT CLOUD
3898.HK,TIMES ELECTRIC
3899.HK,CIMC ENRIC
39.HK,CH BEIDAHUANG
390.HK,CHINA RAILWAY
3900.HK,GREENTOWN CHINA
3903.HK,HANHUA FIN
3908.HK,CICC
391.HK,MEI AH ENTER
3913.HK,KWG LIVING
3918.HK,NAGACORP
3919.HK,GOLDENPOWER
392.HK,BEIJING ENT
3928.HK,CHINA NEXT GEN
393.HK,GLORIOUS SUN
3931.HK,CALB
3933.HK,UNITED LAB
3938.HK,LFG INV HLDGS
3939.HK,WANGUO GOLD GP
3958.HK,DFZQ
396.HK,HING LEE HK
3963.HK,RONGZHONG FIN
3968.HK,CM BANK
3969.HK,CHINA CRSC
397.HK,MINERVA GROUP
3978.HK,BESTSTUDY EDU
398.HK,ORIENTAL WATCH
3983.HK,CHINA BLUECHEM
3988.HK,BANK OF CHINA
3989.HK,CAPITAL ENV
399.HK,INNOVATIVE PHAR
3990.HK,MIDEA REAL EST
3991.HK,CHANGHONG JH
3993.HK,CMOC
3996.HK,CH ENERGY ENG
3997.HK,TSO
3998.HK,BOSIDENG
3999.HK,DACHAN FOOD
4.HK,WHARF HOLDINGS
40.HK,GOLD PEAK
400.HK,INGDAN
401.HK,WANJIA GROUP
403.HK,STARLITE HOLD
405.HK,YUEXIU REIT
406.HK,YAU LEE HOLD
408.HK,YIPS CHEMICAL
41.HK,GREAT EAGLE H
410.HK,SOHO CHINA
411.HK,LAM SOON HK
412.HK,SDHG
413.HK,SC HOLDINGS
417.HK,TSE SUI LUEN
418.HK,FOUNDER HOLD
419.HK,HONY MEDIA
42.HK,NE ELECTRIC
420.HK,FOUNTAIN SET
422.HK,VMEP HOLDINGS
423.HK,HKET HOLDINGS
425.HK,MINTH GROUP
426.HK,ONE MEDIA GROUP
428.HK,COCOON HOLDINGS
430.HK,ORIENTAL EXPL
431.HK,G CHINA FIN
432.HK,PCPD
433.HK,NORTH MINING
434.HK,BOYAA
435.HK,SUNLIGHT REIT
436.HK,NU ENVIRO
438.HK,IRICO NEWENERGY
439.HK,KUANGCHI
440.HK,DAH SING
442.HK,DOMAINE POWER
444.HK,SINCEREWATCH HK
45.HK,HK S HOTELS
450.HK,HUNG HING PRINT
451.HK,GCL NEWENERGY
455.HK,TIANDA PHARMA
456.HK,NEW CITY DEV
458.HK,TRISTATE HOLD
459.HK,LEGEND UPSTAR
46.HK,COMPUTER TECH
460.HK,SIHUAN PHARM
464.HK,CHINA IN TECH
465.HK,FUTONG TECH
467.HK,UNITEDENERGY GP
468.HK,GAPACK
4701.HK,AIR AUTH B2608
471.HK,SILKWAVE INC
472.HK,NEW SILKROAD
474.HK,ACESO LIFE SCI
475.HK,CENTRAL DEV H
476.HK,EV DYNAMICS
48.HK,C AUTO INT DECO
480.HK,HKR INTL
482.HK,SANDMARTIN INTL
483.HK,BAUHAUS INTL
484.HK,FORGAME
485.HK,CHINASINOSTAR
4855.HK,TECHSTARACQ Z25
486.HK,RUSAL
487.HK,SUCCESSUNIVERSE
488.HK,LAI SUN DEV
489.HK,DONGFENG GROUP
491.HK,EMPEROR CULTURE
493.HK,GOME RETAIL
495.HK,PALADIN
49500.HK,UB#NQ100RP2612P
49501.HK,SG#S P RP2812A
49502.HK,SG#NQ100RP2812B
49503.HK,SG#NQ100RP2812C
49504.HK,SG#DJIA RP2812A
49506.HK,JP#S P RC2512A
49507.HK,JP#NQ100RC2512A
49508.HK,JP#DJIA RC2509A
49509.HK,JP#DJIA RC2512A
49510.HK,JP#S P RC2509A
49511.HK,JP#DJIA RP2612C
49512.HK,JP#NQ100RP2612L
49513.HK,SG#S P RC2509B
49514.HK,SG#NQ100RP2812D
49515.HK,SG#NQ100RC2509B
49516.HK,SG#NQ100RC2509C
49517.HK,SG#DJIA RP2812B
49518.HK,MS#DJIA RP2612F
49521.HK,MS#NQ100RP2612I
49522.HK,MS#NQ100RC2509C
49523.HK,MS#NQ100RC2509D
49524.HK,MS#S P RP2612E
49525.HK,MS#S P RC2509A
49526.HK,SG#S P RP2812B
49527.HK,SG#NQ100RP2812E
49528.HK,SG#NQ100RP2812F
49530.HK,SG#S P RP2812C
49531.HK,SG#S P RC2509C
49532.HK,SG#S P RC2509D
49533.HK,SG#NQ100RP2812G
49534.HK,SG#NQ100RC2509D
49535.HK,SG#NQ100RC2509E
49536.HK,SG#DJIA RP2812C
49537.HK,SG#DJIA RC2509D
49538.HK,SG#DJIA RC2509E
49539.HK,UB#DJIA RP2812A
49540.HK,UB#DJIA RP2812B
49541.HK,UB#DJIA RC2512A
49542.HK,UB#NQ100RC2509A
49543.HK,UB#NQ100RC2512A
49544.HK,UB#NQ100RP2812A
49545.HK,UB#NQ100RP2812B
49546.HK,SG#S P RC2512A
49547.HK,UB#NQ100RP2812C
49548.HK,SG#S P RP2812D
49550.HK,SG#NQ100RP2812I
49551.HK,SG#NQ100RC2509F
49552.HK,SG#DJIA RP2812D
49553.HK,BP#NQ100RC2512B
49554.HK,BP#NQ100RC2512C
49555.HK,SG#DJIA RP2812E
49557.HK,JP#NQ100RC2512B
49558.HK,JP#NQ100RP2612M
49559.HK,JP#NQ100RC2509B
49560.HK,JP#S P RP2612E
49561.HK,JP#DJIA RC2509B
49562.HK,JP#DJIA RP2612D
49563.HK,UB#NQ100RC2509B
49564.HK,SG#DJIA RC2512A
49567.HK,HS#NQ100RP2612L
49568.HK,HS#NQ100RC2509B
49570.HK,SG#NQ100RP2812K
49572.HK,MS#DJIA RP2612H
49574.HK,MS#NQ100RP2612J
49576.HK,MS#S P RP2612F
49579.HK,UB#NQ100RP2812D
49583.HK,SG#S P RC2512B
49584.HK,SG#NQ100RC2512B
49585.HK,SG#DJIA RC2512B
49586.HK,SG#DJIA RC2512C
49587.HK,SG#DJIA RC2512D
49588.HK,SG#DJIA RC2512E
49589.HK,SG#DJIA RC2512F
49590.HK,SG#NQ100RC2512C
49591.HK,SG#NQ100RC2512D
49592.HK,SG#NQ100RC2512E
49593.HK,SG#NQ100RP2812L
49594.HK,SG#NQ100RP2812M
49595.HK,SG#S P RC2512C
49596.HK,SG#S P RC2512D
49597.HK,SG#DJIA RP2812F
49598.HK,SG#DJIA RP2812G
49599.HK,SG#S P RP2812E
496.HK,KASEN
49600.HK,BP#NQ100RC2412A
49602.HK,UB#DJIA RC2512B
49603.HK,UB#DJIA RC2512C
49604.HK,UB#DJIA RC2512D
49605.HK,UB#DJIA RC2512E
49606.HK,UB#DJIA RC2512F
49607.HK,UB#DJIA RC2509B
49608.HK,UB#DJIA RP2812C
49609.HK,UB#DJIA RP2812D
49610.HK,UB#DJIA RP2812E
49612.HK,UB#NQ100RC2509E
49613.HK,UB#NQ100RC2512B
49614.HK,UB#NQ100RC2512C
49615.HK,UB#NQ100RC2512D
49616.HK,UB#NQ100RP2812E
49617.HK,UB#NQ100RP2812F
49618.HK,UB#NQ100RP2812G
49619.HK,JP#DJIA RC2512B
49620.HK,JP#DJIA RC2512C
49621.HK,JP#NQ100RC2512C
49622.HK,JP#NQ100RP2712A
49623.HK,JP#S P RC2512B
49624.HK,JP#S P RP2712A
49625.HK,JP#DJIA RP2712A
49626.HK,JP#NQ100RP2712B
49627.HK,UB#DJIA RC2509C
49628.HK,UB#NQ100RC2509F
49629.HK,UB#NQ100RC2509G
49630.HK,UB#DJIA RC2512G
49631.HK,SG#S P RC2512E
49632.HK,SG#NQ100RC2512F
49633.HK,SG#NQ100RC2512G
49634.HK,SG#DJIA RC2512G
49635.HK,SG#DJIA RC2512H
49636.HK,MS#DJIA RP2603A
49638.HK,SG#S P RP2612A
49642.HK,JP#S P RC2512C
49643.HK,JP#DJIA RC2512D
49644.HK,JP#NQ100RC2512D
49658.HK,JP#DJIA RC2412A
49660.HK,JP#NQ100RC2412A
49663.HK,SG#NQ100RP2612C
49666.HK,UB#NQ100RP2612A
49668.HK,MS#S P RP2512D
49669.HK,SG#DJIA RC2412C
49676.HK,BP#NQ100RP2612B
49677.HK,BP#NQ100RP2612C
49680.HK,JP#NQ100RC2412C
49686.HK,HS#NQ100RP2612A
49688.HK,SG#NQ100RP2612G
49689.HK,SG#S P RC2412C
49690.HK,SG#S P RP2612C
49696.HK,SG#NQ100RC2412F
49698.HK,SG#NQ100RP2612J
49699.HK,SG#NQ100RP2612K
497.HK,CSI PROPERTIES
49705.HK,UB#NQ100RP2612D
49707.HK,JP#S P RP2612A
49720.HK,UB#NQ100RP2612E
49729.HK,BP#NQ100RP2612I
49730.HK,BP#NQ100RP2612J
49731.HK,HS#NQ100RP2612D
49732.HK,HS#NQ100RP2612E
49747.HK,SG#S P RP2612F
498.HK,BLUE RIVER HLDG
49801.HK,JP#NQ100RC2312B
49803.HK,UB#NQ100RP2412J
49804.HK,BP#NQ100RC2412O
49806.HK,SG#NQ100RP2612R
49807.HK,BP#NQ100RC2409C
49809.HK,UB#DJIA RP2612D
49810.HK,SG#NQ100RP2412Q
49812.HK,BP#NQ100RC2412R
49814.HK,JP#NQ100RC2312C
49817.HK,HS#NQ100RC2412H
49820.HK,UB#NQ100RP2412K
49826.HK,SG#S P RC2503B
49829.HK,SG#DJIA RC2503C
49834.HK,BP#NQ100RP2612U
49836.HK,SG#DJIA RP2412K
49839.HK,BP#NQ100RC2412W
49845.HK,JP#S P RC2503B
49846.HK,JP#DJIA RC2503A
49856.HK,UB#DJIA RP2612E
49857.HK,MS#S P RP2612B
49858.HK,MS#S P RC2503A
49860.HK,SG#DJIA RP2412L
49866.HK,UB#DJIA RP2612F
49868.HK,MS#NQ100RC2503F
49869.HK,JP#NQ100RP2412M
49871.HK,UB#NQ100RP2612L
49877.HK,SG#DJIA RP2612G
49878.HK,SG#DJIA RP2612H
49879.HK,SG#NQ100RC2503D
49880.HK,SG#NQ100RC2503E
49881.HK,UB#DJIA RP2612G
49882.HK,UB#DJIA RP2612H
49884.HK,JP#DJIA RP2603E
49885.HK,JP#DJIA RP2609A
49886.HK,JP#DJIA RP2609B
49888.HK,UB#DJIA RP2612I
49889.HK,SG#DJIA RP2612I
49890.HK,SG#S P RP2612I
49891.HK,SG#DJIA RP2612J
49893.HK,SG#DJIA RP2712A
49896.HK,UB#NQ100RC2506A
49898.HK,MS#DJIA RP2612C
49899.HK,MS#DJIA RP2612D
499.HK,QINGDAO HLDGS
49900.HK,MS#DJIA RC2506A
49901.HK,MS#NQ100RC2506A
49902.HK,MS#S P RP2612C
49904.HK,SG#S P RP2712A
49906.HK,HS#DJIA RP2612C
49908.HK,HS#DJIA RC2503A
49909.HK,UB#DJIA RP2612J
49911.HK,MS#S P RC2403C
49913.HK,HS#DJIA RP2612E
49914.HK,JP#DJIA RP2609C
49915.HK,JP#NQ100RP2612F
49916.HK,JP#DJIA RC2506A
49917.HK,JP#S P RP2612B
49918.HK,JP#NQ100RP2612G
49919.HK,JP#S P RC2506A
49921.HK,UB#DJIA RP2612K
49922.HK,BP#NQ100RP2612Z
49923.HK,BP#NQ100RC2503L
49926.HK,SG#DJIA RC2506B
49927.HK,SG#S P RP2712B
49928.HK,SG#NQ100RP2712A
49929.HK,SG#NQ100RP2712B
49930.HK,SG#DJIA RP2712B
49931.HK,SG#DJIA RP2712C
49932.HK,JP#DJIA RP2603F
49933.HK,JP#S P RC2503C
49934.HK,JP#S P RP2612C
49935.HK,JP#NQ100RP2612H
49936.HK,JP#NQ100RP2612I
49938.HK,JP#DJIA RC2503D
49939.HK,UB#NQ100RP2612M
49940.HK,HS#DJIA RP2612F
49941.HK,HS#DJIA RP2612G
49942.HK,HS#DJIA RP2612H
49944.HK,SG#DJIA RP2712D
49945.HK,SG#S P RP2712C
49947.HK,SG#NQ100RP2712C
49949.HK,UB#NQ100RP2612N
49950.HK,UB#DJIA RP2612L
49953.HK,BP#NQ100RP26121
49954.HK,BP#NQ100RP26122
49955.HK,BP#NQ100RC2503N
49956.HK,SG#NQ100RC2506D
49957.HK,SG#NQ100RP2712D
49958.HK,HS#NQ100RP2612H
49959.HK,JP#DJIA RP2412M
49960.HK,HS#NQ100RP2612J
49961.HK,SG#NQ100RP2712E
49963.HK,MS#NQ100RP2612F
49964.HK,MS#NQ100RP2612G
49965.HK,MS#S P RP2612D
49966.HK,UB#DJIA RP2412S
49968.HK,SG#DJIA RP2712E
49969.HK,UB#DJIA RP2712A
49977.HK,JP#NQ100RP2612K
49978.HK,UB#DJIA RP2612M
49979.HK,UB#DJIA RP2412U
49982.HK,SG#DJIA RC2406C
49983.HK,SG#S P RC2509A
49985.HK,SG#NQ100RC2509A
49986.HK,UB#NQ100RC2506C
49987.HK,JP#S P RP2412G
49988.HK,JP#S P RP2406C
49989.HK,MS#DJIA RP2412G
49990.HK,SG#DJIA RC2509B
49991.HK,SG#DJIA RC2509C
49992.HK,SG#NQ100RP2812A
49993.HK,HS#DJIA RC2509A
49994.HK,HS#DJIA RP2612I
49995.HK,SG#DJIA RP2506A
49996.HK,SG#S P RP2506A
49997.HK,BP#NQ100RP2812A
49998.HK,UB#DJIA RC2509A
49999.HK,UB#DJIA RP2612N
5.HK,HSBC HOLDINGS
50.HK,HK FERRY HOLD
500.HK,FRONTIER SER
505.HK,XINGYE ALLOY
506.HK,CHINA FOODS
508.HK,DINGYI GP INV
509.HK,SUNSHINE
51.HK,HARBOUR CENTRE
510.HK,CASH FIN SER GP
511.HK,TVB
512.HK,GRAND PHARMA
513.HK,CONTINENTAL H
515.HK,CHINASILVER TEC
517.HK,COSCO SHIP INTL
518.HK,TUNGTEX HOLD
519.HK,NOVAUTEK
52.HK,FAIRWOOD HOLD
520.HK,XIABUXIABU
521.HK,CWT INTL
522.HK,ASMPT
524.HK,GW TERROIR
525.HK,GUANGSHEN RAIL
526.HK,LISI GP HOLD
527.HK,RUIFENG RENEW
528.HK,KINGDOM HOLDING
529.HK,SIS INTL
53.HK,GUOCO GROUP
532.HK,WKK INTL HOLD
533.HK,GOLDLION HOLD
535.HK,GEMDALE PPT
536.HK,TRADELINK
538.HK,AJISEN CHINA
540.HK,SPEEDY GLOBAL
542.HK,CN CULTURAL T A
543.HK,PACIFIC ONLINE
544.HK,DAIDO GROUP
546.HK,FUFENG GROUP
547.HK,DIGITAL DOMAIN
548.HK,SHENZHENEXPRESS
55.HK,NEWAY GROUP
550.HK,KINGKEY INT CUL
551.HK,YUE YUEN IND
552.HK,CHINACOMSERVICE
553.HK,NANJING PANDA
554.HK,HANS GP HLDGS
556.HK,PAN ASIA ENVIRO
557.HK,TIANYUAN HEALTH
558.HK,LK TECH
559.HK,DETAI NEWENERGY
560.HK,CHU KONG SHIP
563.HK,SH IND URBAN
564.HK,ZMJ
565.HK,ART GROUP HOLD
567.HK,DAISHOMICROLINE
568.HK,SHANDONG MOLONG
57.HK,CHEN HSONG HOLD
570.HK,TRAD CHI MED
571.HK,ESUN HOLDINGS
572.HK,FW HOLDINGS
573.HK,TAO HEUNG HLDGS
574.HK,PASHUN INTL
575.HK,REGENT PACIFIC
576.HK,ZHEJIANGEXPRESS
579.HK,JNCEC
58.HK,SUNWAY INTL
580.HK,SUNKING TECH
581.HK,CHINA ORIENTAL
582.HK,SHIN HWA WORLD
583.HK,GWPA HOLDINGS
585.HK,IMAGI INTL
586.HK,CONCH VENTURE
587.HK,CONCH ENVIRO
588.HK,BEIJING N STAR
59.HK,SKYFAME REALTY
590.HK,LUK FOOK HOLD
591.HK,C HIGHPRECISION
593.HK,DREAMEAST
595.HK,AV CONCEPT HOLD
596.HK,INSPUR DIGI ENT
598.HK,SINOTRANS
599.HK,E BON HOLDINGS
6.HK,POWER ASSETS
60.HK,HK FOOD INV
601.HK,REMT
602.HK,JIAHUA STORES H
603.HK,CHINA OIL GAS
6030.HK,CITIC SEC
6033.HK,TELECOM DIGIT
6036.HK,APEX ACE HLDG
6038.HK,G M HLDGS
604.HK,SHENZHEN INVEST
6049.HK,POLY PPT SER
605.HK,C FIN SERVICES
6055.HK,CTIHK
6058.HK,CISI FIN
606.HK,SCE CM
6060.HK,ZA ONLINE
6063.HK,LOTUS HORIZON
6066.HK,CSC
6068.HK,WISDOM EDU INTL
6069.HK,SY HOLDINGS
607.HK,FULLSHARE
6078.HK,HYGEIA HEALTH
608.HK,HIGH FASHION
6080.HK,WING CHI HLDGS
6083.HK,WORLD LINK LOG
6086.HK,FANGZHOU JIANKE
6088.HK,FIT HON TENG
609.HK,TIANDE CHEMICAL
6093.HK,HEVOL SERVICES
6098.HK,CG SERVICES
6099.HK,CMSC
61.HK,GREEN LEADER
610.HK,WAI KEE HOLD
6100.HK,TONGDAO LIEPIN
6108.HK,NEW RAY MEDIC
611.HK,CNE TECH CORP
6110.HK,TOPSPORTS
6113.HK,UTS MARKETING
6117.HK,RIZHAO PORT JR
6118.HK,AUSTAR
6119.HK,TIAN YUAN GP
612.HK,DING YI FENG
6122.HK,JIUTAI RCB
6123.HK,YTO INTL EXP
6127.HK,JOINN
6128.HK,GRAPHEX GP NEW
613.HK,PLANETREE INTL
6133.HK,VITAL INNO
6136.HK,KANGDA ENV
6138.HK,HARBIN BANK
6158.HK,ZHENRO PPT
616.HK,EMINENCE ENT
6160.HK,BEIGENE
6162.HK,TR INTERIORS
6163.HK,GEMILANG INTL
6169.HK,YUHUA EDU
617.HK,PALIBURG HOLD
6178.HK,EB SECURITIES
618.HK,PKU RESOURCES
6181.HK,LAOPU GOLD
6182.HK,TWINTEK
6185.HK,CANSINOBIO
6186.HK,CHINA FEIHE
6188.HK,BJ DIGITAL
6189.HK,ADWAY
619.HK,SOUTH CHINA FIN
6190.HK,BANKOFJIUJIANG
6193.HK,TAILAM TECHCON
6196.HK,BANKOFZHENGZHOU
6198.HK,QINGDAO PORT
6199.HK,BANK OF GUIZHOU
62.HK,TRANSPORT INTL
620.HK,DTXS SILK ROAD
621.HK,TAUNG GOLD
622.HK,OSHIDORI
623.HK,SINOMEDIA
626.HK,PUBLIC FIN HOLD
627.HK,JAPAN KYOSEI
628.HK,TONGTONG AI SOC
629.HK,YUE DA INTL
63.HK,CHI ASIA VALLEY
630.HK,AMCO UNITED
631.HK,SANY INTL
632.HK,CHK OIL
635.HK,PLAYMATES
636.HK,KERRY LOG NET
637.HK,LEE KEE
639.HK,SHOUGANG RES
64.HK,GET NICE
640.HK,INFINITY DEV
641.HK,CHTC FONGS INT
643.HK,CARRY WEALTH
645.HK,ARES ASIA
646.HK,CHINA ENV TEC
65.HK,GRAND OCEAN AR
650.HK,PRODUCTIVE TECH
653.HK,BONJOUR HOLD
655.HK,HK CHINESE LTD
656.HK,FOSUN INTL
657.HK,G VISION INTL
658.HK,C TRANSMISSION
659.HK,CTF SERVICES
66.HK,MTR CORPORATION
660.HK,WAI CHUN BIOTEC
6601.HK,CHEERWIN GP
6606.HK,NH HEALTH
6608.HK,BAIRONG W
6609.HK,HEARTCARE B
661.HK,CDAYENONFER
6610.HK,FLOWING CLOUD
6611.HK,SANXUN GROUP
6616.HK,GLOBAL NEW MAT
6618.HK,JD HEALTH
662.HK,ASIA FINANCIAL
6622.HK,ZHAOKE OPHTH B
6623.HK,LUFAX
6626.HK,YUEXIU SERVICES
6628.HK,TRANSCENTA B
663.HK,KING STONE ENGY
6633.HK,QINGCI GAMES
6638.HK,OCFT
6639.HK,ARRAIL GROUP
6655.HK,HUAXIN CEMENT
6657.HK,BAIWANG CO
666.HK,REPT BATTERO
6660.HK,AIM VACCINE
6661.HK,HUZHOU GAS
6663.HK,IWS GROUP
6666.HK,EVERG SERVICES
6667.HK,MEGA GENOMICS
6668.HK,E STAR CM
6669.HK,ACOTEC B
667.HK,CHINA EAST EDU
6676.HK,ZG GROUP W
6677.HK,SINO OCEAN SERV
6680.HK,JLMAG
6681.HK,BRAINAURORA B
6682.HK,FOURTH PARADIGM
6683.HK,STARPLUS LEGEND
6686.HK,NOAH HOLDINGS
6689.HK,HONGJIU FRUIT
669.HK,TECHTRONIC IND
6690.HK,HAIER SMARTHOME
6693.HK,CHIFENG GOLD
6696.HK,MANY IDEA CLOUD
6698.HK,STAR CM
6699.HK,ANGELALIGN
670.HK,CHINA EAST AIR
672.HK,ZHONGAN GROUP
673.HK,CHINA HEALTH
674.HK,CHINA TANGSHANG
675.HK,K P INTL
676.HK,PEGASUS INTL
677.HK,GOLDEN RES DEV
679.HK,ASIA TELE NET
6805.HK,KIMOU ENVIRON
6806.HK,SWHY
6808.HK,SUNART RETAIL
681.HK,CHI PEOPLE HOLD
6811.HK,TAI HING GROUP
6812.HK,WINSON HLDGS HK
6816.HK,PROSPER CONS
6818.HK,CEB BANK
682.HK,CHAODA MODERN
6820.HK,FRIENDTIMES
6821.HK,ASYMCHEM
6822.HK,KINGS FLAIR
6823.HK,HKT SS
6826.HK,HAOHAI BIOTEC
6828.HK,BG BLUE SKY
6829.HK,DRAGON RISE GP
683.HK,KERRY PPT
6830.HK,HUAZHONG IN V
6833.HK,SINCO PHARMA
6838.HK,WINOX
6839.HK,YUNNAN WATER
684.HK,ALLAN INTL
685.HK,MEDIA CHINESE
6855.HK,ASCENTAGE B
6858.HK,HONMAGOLF
686.HK,BJ ENERGY INTL
6860.HK,FINGERTANGO
6862.HK,HAIDILAO
6865.HK,FLAT GLASS
6866.HK,ZUOLI M FIN
6868.HK,TENFU
6869.HK,YOFC
687.HK,TYSAN HOLDINGS
6877.HK,CLSA PREMIUM
6878.HK,DIFFER GP AUTO
688.HK,CHINA OVERSEAS
6881.HK,CGS
6882.HK,EGL HOLDINGS
6885.HK,JINMA ENERGY
6886.HK,HTSC
6888.HK,FREETECH
6889.HK,DYNAM JAPAN
689.HK,EPI HOLD NEW
6890.HK,KANGLI INT HLDG
6893.HK,HINSANG GROUP
6896.HK,GOLDEN THROAT
6898.HK,CHINA ALUMCAN
6899.HK,OURGAME
69.HK,SHANGRI LA ASIA
690.HK,UNI BIO GROUP
6900.HK,SUNKWAN PPT
6908.HK,HG SEMI
6909.HK,BETTERLIFE HLDG
691.HK,SHANSHUI CEMENT
6911.HK,LANCANG TEA
6913.HK,SCVE GROUP
6918.HK,KIDZTECH
6919.HK,RENRUI HR
6922.HK,CRYOFOCUS B
6928.HK,TOMO HOLDINGS
6929.HK,ORBUSNEICH
693.HK,TAN CHONG INTL
6933.HK,SINO ENTERTAIN
6936.HK,SF HOLDING
6939.HK,MEGAIN
694.HK,BEIJING AIRPORT
695.HK,DONGWU CEMENT
6955.HK,BOAN BIOTECH
6958.HK,ZHENRO SERVICES
6959.HK,CHANGJIU HLDGS
696.HK,TRAVELSKY TECH
6963.HK,SUNSHINE INS
6966.HK,C WAN TONG YUAN
6968.HK,GANGLONG CHINA
6969.HK,SMOORE INTL
697.HK,SHOUCHENG
6978.HK,IMMUNOTECH B
6979.HK,ZJLD
698.HK,TONGDA GROUP
6988.HK,JOY SPREADER
6989.HK,EXCELLENCE CM
6990.HK,SKB BIO B
6993.HK,BLUE MOON GROUP
6996.HK,ANTENGENE B
6998.HK,GENOR B
6999.HK,LEADING HLDGS
7.HK,WISDOM WEALTH
70.HK,RICH GOLDMAN
700.HK,TENCENT
701.HK,CNT GROUP
702.HK,SINO OIL GAS
703.HK,FUTURE BRIGHT
704.HK,HUSCOKE HLDGS
707.HK,ATV HOLDINGS
708.HK,EVERG VEHICLE
709.HK,GIORDANO INTL
71.HK,MIRAMAR HOTEL
710.HK,BOE VARITRONIX
711.HK,ASIA ALLIED INF
712.HK,COMTEC SOLAR
713.HK,WORLD HOUSEWARE
715.HK,CHINA OCEANWIDE
716.HK,SINGAMAS CONT
717.HK,EMPEROR CAPITAL
718.HK,TAI UNITED HOLD
719.HK,SHANDONG XINHUA
72.HK,META MEDIA
720.HK,AUTO ITALIA
7200.HK,FL2 CSOP HSI
721.HK,C FIN INT INV
722.HK,UMP
7226.HK,XL2CSOPHSTECH
723.HK,RELIANCE GLO HL
7232.HK,FL2FBFTTAIWAN
7233.HK,XL2CSOPCSI300
7234.HK,XL2 BOS CHINEXT
724.HK,RUIXIN INTL
725.HK,PERENNIAL INTL
726.HK,DIT GROUP
7261.HK,FL2CAMNDQ100
7262.HK,FL2 CSOP NIKKEI
7266.HK,FL2CSOPNASDAQ
727.HK,CROWNICORP NEW
728.HK,CHINA TELECOM
7288.HK,FL2 CSOP HSCEI
7299.HK,FL2CSOPGOLD
73.HK,ASIAN CITRUS
730.HK,CAPITAL IND FIN
7300.HK,FI CSOP HSI
731.HK,C D NEWIN
7311.HK,XI2CSOPCOIN
732.HK,TRULY INTL
733.HK,HOPEFLUENT
7332.HK,FIFBFTTAIWAN
736.HK,CHINA PPT INV
7366.HK,XI2CSOPTSLA
737.HK,BAY AREA DEV
7376.HK,FI CSOP BTC
738.HK,LE SAUNDA
7388.HK,XI2CSOPNVDA
7399.HK,XI2CSOPMSTR
743.HK,ASIA CEMENT CH
745.HK,CN CULTURE GP
746.HK,L M CHEMICAL
747.HK,SHENYANG PUBLIC
75.HK,YT REALTY
750.HK,SFSY ENERGY
7500.HK,FI2 CSOP HSI
751.HK,SKYWORTH GROUP
7515.HK,FI2 CSOP NIKKEI
752.HK,PICO FAR EAST
7522.HK,FI2CAMNDQ100
753.HK,AIR CHINA
754.HK,HOPSON DEV HOLD
755.HK,DEVGREAT
7552.HK,XI2CSOPHSTECH
756.HK,SUMMI
7568.HK,FI2CSOPNASDAQ
757.HK,SOLARGIGA
7588.HK,FI2 CSOP HSCEI
759.HK,CEC INTL HOLD
76.HK,ELATE HOLDINGS
760.HK,TALENT PPT GP
762.HK,CHINA UNICOM
763.HK,ZTE
764.HK,ETERNITY INV
765.HK,PERFECTECH INTL
767.HK,ZHONG JI LS
768.HK,UBA INVESTMENTS
769.HK,CHINA RAREEARTH
77.HK,AMS TRANSPORT
770.HK,SHANGHAI GROWTH
771.HK,AUTOMATED SYS
7711.HK,XL2CSOPCOIN
772.HK,CHINA LIT
775.HK,CKLIFE SCIENCES
776.HK,IMPERIUM TEC GP
7766.HK,XL2CSOPTSLA
777.HK,NETDRAGON
7777.HK,XL2CSOPBRKB
778.HK,FORTUNE REIT
7788.HK,XL2CSOPNVDA
7799.HK,XL2CSOPMSTR
78.HK,REGAL INTL
780.HK,TONGCHENGTRAVEL
7801.HK,INTERRA ACQ Z
7827.HK,VISION DEAL Z
7836.HK,AQUILA ACQ Z
784.HK,LING YUI
7841.HK,HK ACQ Z
7855.HK,TECHSTARACQ Z
788.HK,CHINA TOWER
789.HK,ARTINI HLDG
79.HK,CENTURY LEGEND
794.HK,COME SURE GROUP
797.HK,7ROAD
798.HK,CEOVU
799.HK,IGG
8.HK,PCCW
80.HK,CNEWECON FUND
80011.HK,HANGSENG BANK R
80016.HK,SHK PPT R
80020.HK,SENSETIME WR
80175.HK,GEELY AUTO R
802.HK,CHINA E WALLET
80291.HK,CHINARES BEER R
80388.HK,HKEX R
804.HK,PINESTONE
805.HK,NEW GONOW RV
806.HK,VALUE PARTNERS
807.HK,SIICENVIRONMENT
80700.HK,TENCENT R
80737.HK,BAY AREA DEV R
808.HK,PROSPERITY REIT
80883.HK,CNOOC R
809.HK,GLOBAL BIO CHEM
80941.HK,CHINA MOBILE R
80992.HK,LENOVO GROUP R
81.HK,CH OVS G OCEANS
810.HK,CH CASTSON 81
81024.HK,KUAISHOU WR
811.HK,XINHUA WINSHARE
812.HK,SWSI
81211.HK,BYD COMPANY R
81299.HK,AIA R
813.HK,SHIMAO GROUP
814.HK,JINGKELONG
815.HK,CHI SILVER GP
816.HK,JINMAO SERVICES
817.HK,CHINA JINMAO
818.HK,HI SUN TECH
81810.HK,XIAOMI WR
819.HK,TIANNENG POWER
82.HK,CRAZY SPORTS
820.HK,HSBCDRAGON FUND
82020.HK,ANTA SPORTS R
821.HK,VC HOLDINGS
822.HK,KA SHUI INTL
823.HK,LINK REIT
82318.HK,PING AN R
82331.HK,LI NING R
82333.HK,GWMOTOR R
82388.HK,BOC HONG KONG R
825.HK,NWDS CHINA
826.HK,TIANGONG INTL
827.HK,KO YO GROUP
828.HK,DYNASTY WINES
829.HK,SHENGUAN HLDGS
83.HK,SINO LAND
830.HK,CSC DEVELOPMENT
831.HK,CR ASIA
832.HK,CENTRAL CHINA
833.HK,ALLTRONICS
834.HK,KANGDA FOOD
83403.HK,CAM HSI ESG R
83404.HK,CAM MSCIINDIA R
83437.HK,BOS CSOE HIDV R
83455.HK,INVESCO QQQ R
836.HK,CHINA RES POWER
83690.HK,MEITUAN WR
837.HK,CARPENTER TAN
838.HK,EVA HOLDINGS
839.HK,CHINA EDU GROUP
84.HK,STELUX HOLDINGS
840.HK,TIANYE WATER
841.HK,CASSAVA RES
842.HK,LEOCH INTL
844.HK,GREATIME INTL
845.HK,GLORIOUS PPT H
846.HK,MINGFA GROUP
848.HK,MAOYE INTL
85.HK,CE HUADA TECH
851.HK,SHENG YUAN HLDG
852.HK,STRONG PETRO
853.HK,MICROPORT
854.HK,WILLAS ARRAY
855.HK,CHINA WATER
856.HK,VSTECS
857.HK,PETROCHINA
858.HK,EXTRAWELL PHAR
859.HK,ZHONGCHANG INTL
86.HK,SUN HUNG KAI CO
860.HK,APOLLO FMG
861.HK,DC HOLDINGS
862.HK,VISION VALUES
863.HK,OSL GROUP
864.HK,WING LEE PPT
865.HK,JIANDE INTL
866.HK,CHINA QINFA
867.HK,CMS
868.HK,XINYI GLASS
869.HK,PLAYMATES TOYS
87.HK,SWIRE PACIFIC B
871.HK,CH DREDG ENV
873.HK,SHIMAO SERVICES
874.HK,BAIYUNSHAN PH
875.HK,CONGYU INTE AGR
876.HK,KAISA HEALTH
878.HK,SOUNDWILL HOLD
88.HK,TAI CHEUNG HOLD
880.HK,SJM HOLDINGS
881.HK,ZHONGSHENG HLDG
882.HK,TIANJIN DEV
883.HK,CNOOC
884.HK,CIFI HOLD GP
887.HK,EMPEROR WATCH J
888.HK,BISON FINANCE
889.HK,DATRONIX HOLD
89.HK,TAI SANG LAND
893.HK,CHINAVTM MINING
894.HK,MAN YUE TECH
895.HK,DONGJIANG ENV
896.HK,HANISON
897.HK,WAI YUEN TONG
898.HK,MULTIFIELD INTL
899.HK,ZHONG JIA GX
9.HK,KEYNE LTD
90.HK,PUXING ENERGY
900.HK,AEON CREDIT
9001.HK,PP CNUSDPROP U
9008.HK,BOS HSK BTC U
9009.HK,BOS HSK ETH U
9010.HK,ISHARES AXJ U
9011.HK,A ICBCCICCUSD U
902.HK,HUANENG POWER
9040.HK,GX MSCI CHINA U
9042.HK,CAM BTC U
9046.HK,CAM ETH U
9047.HK,F SSIFIRONORE U
905.HK,WALNUT CAP
906.HK,COFCO PACKAGING
9067.HK,ISHARESHSTECH U
9069.HK,CAM HSBIOTECH U
907.HK,ELEGANCEOPTICAL
9070.HK,PING AN HKDIV U
9072.HK,NIKKOAM INET U
9074.HK,ISHARESMSCITW U
9075.HK,GX ASUSD BOND U
9077.HK,PREMIA UST U
9078.HK,PREMIA UST A U
9081.HK,VALUEGOLD ETF U
9084.HK,A GX INDIA U
9086.HK,CAM NASDAQ100 U
9088.HK,CAM HS TECH U
909.HK,MING YUAN CLOUD
9091.HK,A NIKKOAMMETA U
9096.HK,A CSOP USD MM U
910.HK,CHINA SANDI
9104.HK,A GX EM ASIA U
9107.HK,BOS 20 UST A U
911.HK,QIANHAI HEALTH
9115.HK,ISHARESHSI U
912.HK,SUGA INTL
9125.HK,ISHARESSDCPBB U
913.HK,HARBOUR DIGITAL
914.HK,CONCH CEMENT
9141.HK,CAM ASIA IGB U
9146.HK,CAM 20 UST U
915.HK,DAOHE GLOBAL
9151.HK,PREMIA STAR50 U
9156.HK,BOS 20 UST U
9159.HK,PREMIA TW50A U
916.HK,CHINA LONGYUAN
9167.HK,ICBCCSOPCHINA U
917.HK,QUNABOX GROUP
9173.HK,PP CN NEWECON U
9177.HK,PP CGBOND HDG U
9179.HK,HGI ETH U
918.HK,MAJESTIC DRAGON
9181.HK,PREMIAASIATEC U
9187.HK,SAMSUNG REITS U
919.HK,MODERNHEALTHTEC
9191.HK,GX CN SEMICON U
9195.HK,HS S P500 U
9196.HK,A BOS USD MM U
92.HK,CHAMPION TECH
921.HK,HISENSE HA
922.HK,ANXIANYUAN CH
923.HK,IWS
924.HK,KHOON GROUP
925.HK,BJ PROPERTIES
926.HK,BESUNYEN
927.HK,FUJIKON IND
928.HK,KING INTL INV
929.HK,IPE GROUP
93.HK,ZERO FINTECH
931.HK,CHINA HK POWER
9311.HK,XI2CSOPCOIN U
932.HK,SHUNTEN INTL
933.HK,VIVA GOODS
934.HK,SINOPEC KANTONS
936.HK,KAISA CAPITAL
9366.HK,XI2CSOPTSLA U
938.HK,MAN SANG INTL
9388.HK,XI2CSOPNVDA U
939.HK,CCB
9399.HK,XI2CSOPMSTR U
94.HK,GREENHEART GP
9403.HK,CAM HSI ESG U
9404.HK,CAM MSCIINDIA U
941.HK,CHINA MOBILE
9411.HK,PP ASIA IGUSD U
943.HK,ZHONGZHENG INTL
9437.HK,BOS CSOE HIDV U
9439.HK,HGI BTC U
9440.HK,GX 0 3M UST U
9446.HK,CAM 20 UST A U
945.HK,MANULIFE S
9450.HK,GX 3 5Y UST U
9455.HK,INVESCO QQQ U
947.HK,MOBI DEV
948.HK,ALPHA PRO HLDGS
95.HK,LVGEM CHINA
950.HK,LEES PHARM
951.HK,CHAOWEI POWER
952.HK,QUAM PLUS FIN
953.HK,SHAW BROTHERS
954.HK,CHANGMAO BIO
956.HK,CHINA SUNTIEN
959.HK,CENTURY ENT INT
96.HK,YUSEI
960.HK,LONGFOR GROUP
9600.HK,NEWLINK TECH
9606.HK,DUALITYBIO B
9608.HK,SUNDY SERVICE
9616.HK,NEUTECH GROUP
9618.HK,JD SW
9626.HK,BILIBILI W
9633.HK,NONGFU SPRING
9636.HK,JF SMARTINVEST
9638.HK,FERRETTI
9639.HK,WING LEE DEV
9658.HK,SUPER HI
966.HK,CHINA TAIPING
9660.HK,HORIZONROBOT W
9663.HK,SINOSYNERGY
9666.HK,JINKE SERVICES
9668.HK,CBHB
9669.HK,BEISEN HOLDING
9676.HK,SHIYUE DAOTIAN
9677.HK,WEIHAI BANK
968.HK,XINYI SOLAR
9680.HK,CHENQI TECH
9686.HK,XIKANG CLOUD
9688.HK,ZAI LAB
9689.HK,JTF INTL
969.HK,HUA LIEN INTL
9690.HK,TUHU W
9696.HK,TIANQI LITHIUM
9698.HK,GDS SW
9699.HK,SF INTRA CITY
97.HK,HENDERSON INV
970.HK,NEW SPARKLEROLL
9711.HK,XL2CSOPCOIN U
974.HK,SKL
975.HK,MONGOL MINING
976.HK,CHIHO ENV
9766.HK,XL2CSOPTSLA U
9777.HK,XL2CSOPBRKB U
978.HK,CHI MER LAND
9788.HK,XL2CSOPNVDA U
979.HK,GREEN ENERGY GP
9799.HK,XL2CSOPMSTR U
98.HK,XINGFA ALUM
980.HK,LIANHUA
9801.HK,ISHARES CHINA U
9803.HK,PP BEDROCK U
9804.HK,PREMIA VIET U
9806.HK,GX CN CONSUME U
9807.HK,GX CN ROBO AI U
9809.HK,GX CN CLN EN U
981.HK,SMIC
9810.HK,PREMIAEMASEAN U
9812.HK,SAMSUNGCDGN U
9814.HK,SAMSUNG FANG U
9817.HK,PP CGBOND U
9820.HK,GX CN BIOTECH U
9826.HK,GX CN CLOUD U
9829.HK,ISHARESCGB U
983.HK,SOCAM DEV
9834.HK,ISHARESND100 U
9836.HK,ISHARES INDIA U
9839.HK,CAM MSCI A50 U
984.HK,AEON STORES
9840.HK,SPDR GOLD TRT U
9845.HK,GX CN EV BATT U
9846.HK,ISHARESCSI300 U
9857.HK,LINMON MEDIA
9858.HK,YOURAN DAIRY
986.HK,CH ENV ENERGY
9860.HK,ADICON HOLDINGS
9863.HK,LEAPMOTOR
9866.HK,NIO SW
9868.HK,XPENG W
9869.HK,HELENS
987.HK,CH RENEW EN INV
9877.HK,JENSCARE B
9878.HK,HUITONGDA NET
9879.HK,MIGAO GROUP
9880.HK,UBTECH ROBOTICS
9882.HK,BEST LINKING
9885.HK,YSB
9886.HK,DINGDANG HEALTH
9888.HK,BIDU SW
9889.HK,DRCB
989.HK,HUA YIN INTL H
9890.HK,ZX INC
9893.HK,PIZU GROUP
9896.HK,MNSO
9898.HK,WB SW
9899.HK,NETEASE MUSIC
99.HK,WONGS INTL
990.HK,THEME INTL
9900.HK,GAIN PLUS HLDGS
9901.HK,NEW ORIENTAL S
9906.HK,HONLIV HEALTH
9908.HK,JIAXING GAS
9909.HK,POWERLONG CM
991.HK,DATANG POWER
9911.HK,NEWBORNTOWN
9913.HK,CHI KAN HLDGS
9916.HK,XINGYE WULIAN
9918.HK,WISE ALLY INTL
9919.HK,ACTIVATION GP
992.HK,LENOVO GROUP
9922.HK,JIUMAOJIU
9923.HK,YEAHKA
9926.HK,AKESO
9928.HK,TIMES NEIGHBOR
9929.HK,SEM HLDGS
993.HK,XINKONG INT CAP
9930.HK,HORIZON CD
9933.HK,GHW INTL
9936.HK,XIMEI RESOURCES
9938.HK,WAH WO HOLDINGS
9939.HK,KINTOR PHARMA B
994.HK,CT VISION SL
995.HK,ANHUIEXPRESSWAY
9955.HK,CLOUDR
9956.HK,ANE
9958.HK,LITIAN PICTURES
9959.HK,LINKLOGIS W
9960.HK,KINDSTAR GLOBAL
9961.HK,TRIPCOM S
9963.HK,TRANSTECH
9966.HK,ALPHAMAB B
9968.HK,HUIJING HLDGS
9969.HK,INNOCARE
997.HK,CHINLINK INTL
9977.HK,FENGXIANG CO
9978.HK,FINELAND LIVING
9979.HK,GREENTOWN MGMT
998.HK,CITIC BANK
9982.HK,CENTRALCHINA MT
9983.HK,CC NEW LIFE
9985.HK,WL DELICIOUS
9986.HK,DASHAN EDU
9987.HK,YUM CHINA
9988.HK,BABA W
9989.HK,HEPALINK
999.HK,XIAOCAIYUAN
9990.HK,ARCHOSAUR GAMES
9991.HK,BAOZUN W
9992.HK,POP MART
9993.HK,RADIANCE HLDGS
9995.HK,REMEGEN
9996.HK,PEIJIA B
9997.HK,KANGJI MEDICAL
9998.HK,KWAN YONG
9999.HK,NTES S
